guest_id,first_name,last_name,email,phone,country
1,Danielle,Johnson,danielle.johnson655@yahoo.com,232.318.1960,Cuba
2,Jesse,Guzman,JESSE.GUZMAN559@HOTMAIL.COM,886.737.9402,Fiji
3,Eric,Bernard,eric.bernard204@yahoo.com,916-315-5940,Uzbekistan
4,Nicholas,Arnold,nicholas.arnold778@hotmail.com,+1-659-931-0341x316,North Macedonia
5,Mary,Martin,mary.martin95@yahoo.com,,Uzbekistan
6,Danielle,Hawkins,danielle.hawkins128@hotmail.com,903-405-6413x95376,Estonia
7,Donald,Mcgee,donald.mcgee592@hotmail.com,396-496-5328x710,Niue
8,Ernest,Becker,ernest.becker888@hotmail.com,366-697-8480,Seychelles
9,Danielle,Rodriguez,DANIELLE.RODRIGUEZ274@YAHOO.COM,(570)448-2814,Holy See (Vatican City State)
10,Kathryn,Ryan,kathryn.ryan474@hotmail.com,2955701543,Turkey
11,Ashley,Miller,ashley.miller795@hotmail.com,518.622.7824x8963,Iran
12,Wanda,Santos,wanda.santos581@yahoo.com,371.233.1509x83930,Denmark
13,Carlos,Johnson,carlos.johnson272@yahoo.com,983-547-3829,Slovenia
14,Thomas,Russell,thomas.russell371@gmail.com,,South Georgia and the South Sandwich Islands
15,Michelle,Wright,michelle.wright643@gmail.com,+1-972-362-4731,Australia
16,Denise,Fernandez,DENISE.FERNANDEZ258@GMAIL.COM,432-867-7360,Afghanistan
17,Tricia,Baker,tricia.baker274@yahoo.com,,Myanmar
18,Thomas,Calhoun,THOMAS.CALHOUN737@HOTMAIL.COM,(808)312-1913,Western Sahara
19,Pamela,Sanchez,pamela.sanchez655@hotmail.com,5917699854,Dominican Republic
20,  Joseph  ,Anderson,JOSEPH.ANDERSON941@HOTMAIL.COM,675-410-7991x1838,Venezuela
21,Michael,Jones,michael.jones315@gmail.com,(442)678-4980x841,Brazil
22,Pamela,Newton,pamela.newton779@gmail.com,849-635-3487x401,Aruba
23,Adam,Wise,adam.wise622@hotmail.com,727-486-8011x280,Jersey
24,David,Parker,david.parker688@gmail.com,(833)215-8692x322,Christmas Island
25,Jill,Cook,JILL.COOK603@YAHOO.COM,+1-534-221-6073x37543,Palestinian Territory
26,James,Murphy,james.murphy33@gmail.com,001-345-886-8501x42940,Guatemala
27,Jessica,Edwards,jessica.edwards958@hotmail.com,316.793.4060x88356,Nigeria
28,Lee,Charles,lee.charles675@hotmail.com,684-865-6482x3662,Mexico
29,Martha,Torres,martha.torres101@gmail.com,(799)357-7738x72148,Svalbard & Jan Mayen Islands
30,Stephanie,Young,stephanie.young144@yahoo.com,932.800.3791,Turks and Caicos Islands
31,Crystal,Lee,,(576)332-0163x2870,Korea
32,Dennis,Marshall,dennis.marshall243@hotmail.com,+1-495-979-8687,Korea
33,Jonathon,Wright,jonathon.wright400@hotmail.com,387-434-7143x455,Canada
34,Jesse,Benson,JESSE.BENSON570@HOTMAIL.COM,516.865.8760,Iceland
35,Rebecca,Silva,rebecca.silva63@hotmail.com,5969705466,Cyprus
36,Joshua,Tucker,JOSHUA.TUCKER984@YAHOO.COM,462-972-9806x99016,Cocos (Keeling) Islands
37,Brent,Gray,brent.gray965@gmail.com,755.564.6417x080,Pakistan
38,Casey,Bernard,casey.bernard536@gmail.com,001-603-730-9232x71937,Chad
39,Catherine,Stuart,catherine.stuart661@hotmail.com,824-519-0496,Belarus
40,Brittany,Rivas,brittany.rivas103@gmail.com,749-319-0586,Madagascar
41,Deborah,Smith,deborah.smith379@yahoo.com,916.857.2628x4987,Sweden
42,  Jessica  ,Adams,jessica.adams542@gmail.com,247-937-9965,Thailand
43,Mark,Freeman,MARK.FREEMAN119@YAHOO.COM,954-594-8083x136,Portugal
44,Thomas,Joseph,thomas.joseph704@yahoo.com,9147363495,Jamaica
45,Wendy,  Pierce  ,wendy.pierce434@yahoo.com,001-574-544-3135x182,Saint Vincent and the Grenadines
46,Todd,Hardy,TODD.HARDY453@HOTMAIL.COM,+1-641-234-3524x082,Austria
47,  Angela  ,Terry,angela.terry559@gmail.com,,Swaziland
48,Cameron,Vasquez,cameron.vasquez956@hotmail.com,+1-502-829-4131x8699,Korea
49,Rebekah,Evans,rebekah.evans799@hotmail.com,(349)490-9133x41232,Afghanistan
50,Ricky,Norris,,503-444-7134x9361,United States of America
51,Joseph,Thomas,joseph.thomas954@gmail.com,(849)694-7174,Macao
52,Amber,Kim,amber.kim392@hotmail.com,2656940139,Morocco
53,Billy,Avila,billy.avila815@yahoo.com,474.729.6717x56551,Isle of Man
54,Heather,Roberts,heather.roberts792@yahoo.com,001-880-271-5451x68087,Comoros
55,April,Dean,april.dean119@yahoo.com,,Georgia
56,Andrea,Tran,andrea.tran354@gmail.com,817.912.7484,Latvia
57,  John  ,Arnold,john.arnold261@yahoo.com,698.221.4658,Finland
58,Jessica,Monroe,JESSICA.MONROE755@HOTMAIL.COM,+1-572-878-7558x86753,Djibouti
59,Melissa,Jenkins,melissa.jenkins869@yahoo.com,001-376-962-7028x9517,American Samoa
60,Jennifer,Ortiz,jennifer.ortiz568@hotmail.com,(817)745-9615,Niue
61,Jennifer,Malone,jennifer.malone309@hotmail.com,3919343161,Chad
62,Heather,Berger,heather.berger330@gmail.com,304-855-6238x69222,Niger
63,Felicia,Jimenez,felicia.jimenez174@hotmail.com,(437)347-4074,Kenya
64,Sierra,Huerta,,+1-664-674-3671x3695,Angola
65,Tiffany,Barrett,tiffany.barrett871@yahoo.com,5905974395,Niger
66,John,Campos,JOHN.CAMPOS410@HOTMAIL.COM,+1-421-504-7095x21456,Bulgaria
67,Kristin,Walter,kristin.walter436@yahoo.com,784.324.7451x71236,Somalia
68,Ralph,Baker,ralph.baker125@gmail.com,754.596.5137x098,Oman
69,Bryan,Colon,bryan.colon913@hotmail.com,861-920-0471x1382,Heard Island and McDonald Islands
70,Ellen,Paul,ellen.paul163@hotmail.com,(592)761-7964x05377,Bolivia
71,Tina,Richardson,tina.richardson534@hotmail.com,(706)543-1713x900,Brunei Darussalam
72,Kristin,Harris,kristin.harris915@hotmail.com,493.435.2904,Mauritius
73,John,Thompson,JOHN.THOMPSON418@HOTMAIL.COM,6202539502,Brunei Darussalam
74,Judy,Fox,judy.fox969@hotmail.com,,Saint Lucia
75,Krista,Camacho,krista.camacho772@hotmail.com,470-307-6617x7115,Brunei Darussalam
76,Joshua,Schultz,,001-556-898-4789x611,Korea
77,Pamela,Gutierrez,pamela.gutierrez415@yahoo.com,(361)856-5452x7111,Bhutan
78,Julie,  Watson  ,julie.watson607@gmail.com,+1-809-288-5165,France
79,Caroline,Bell,caroline.bell389@hotmail.com,232.673.1585x14936,Antarctica (the territory South of 60 deg S)
80,Henry,Park,HENRY.PARK432@YAHOO.COM,850-922-9612x01836,Guam
81,Eric,Collins,ERIC.COLLINS666@YAHOO.COM,001-999-810-2290x14767,Faroe Islands
82,Jason,Hunt,jason.hunt637@yahoo.com,(614)597-8403x69003,Seychelles
83,Derrick,Scott,derrick.scott786@yahoo.com,707-362-2683,Indonesia
84,Michelle,  Williams  ,michelle.williams319@gmail.com,715.496.9664x160,Spain
85,Stacey,Stevens,stacey.stevens733@hotmail.com,(716)513-6968x164,Grenada
86,Kimberly,Jones,kimberly.jones701@hotmail.com,488-635-5231,Congo
87,Glenn,Hernandez,GLENN.HERNANDEZ380@HOTMAIL.COM,727-779-9799,Canada
88,Scott,Harrison,scott.harrison371@hotmail.com,649-305-8147x7005,Oman
89,Michelle,Wyatt,michelle.wyatt277@hotmail.com,+1-986-479-8079x359,Bahamas
90,Shannon,Shepherd,SHANNON.SHEPHERD331@YAHOO.COM,001-718-720-3778x892,United States Virgin Islands
91,Justin,Ortiz,justin.ortiz625@yahoo.com,+1-390-451-5186x44925,United States Virgin Islands
92,Michael,Ponce,michael.ponce265@hotmail.com,,Guyana
93,Kyle,Bean,kyle.bean88@yahoo.com,001-473-832-2141x88805,Cape Verde
94,Francis,Guerra,francis.guerra459@hotmail.com,(970)565-3794,Martinique
95,John,Sheppard,john.sheppard485@yahoo.com,859.477.4688,Svalbard & Jan Mayen Islands
96,James,Jacobs,JAMES.JACOBS314@YAHOO.COM,4756818141,Korea
97,Rebecca,Hernandez,rebecca.hernandez190@yahoo.com,737-550-6068,Hungary
98,Virginia,Brooks,virginia.brooks103@gmail.com,215-622-0472x77901,Cuba
99,Mary,Dunn,mary.dunn47@hotmail.com,+1-986-314-3410x369,Bouvet Island (Bouvetoya)
100,  Mary  ,Porter,mary.porter894@hotmail.com,7895324609,Montserrat
101,Robert,Beck,robert.beck883@gmail.com,651.288.8880x67065,Guinea-Bissau
102,Kristina,Cooper,KRISTINA.COOPER153@HOTMAIL.COM,+1-319-952-0585x27722,Argentina
103,Kelly,Williams,kelly.williams611@gmail.com,5546868740,Guinea-Bissau
104,Michelle,Williams,michelle.williams440@hotmail.com,641-356-6765x27758,Saint Lucia
105,Roger,Jordan,roger.jordan217@gmail.com,+1-845-411-5447,Portugal
106,Scott,West,scott.west706@hotmail.com,(996)240-1658x202,Brunei Darussalam
107,Carlos,Osborne,carlos.osborne704@yahoo.com,(469)709-2755x719,Indonesia
108,Leonard,Ramirez,leonard.ramirez118@gmail.com,9275868144,New Zealand
109,Justin,Hendricks,justin.hendricks315@yahoo.com,712.317.2715,Mexico
110,Amber,Vance,amber.vance413@gmail.com,,Spain
111,Tonya,  Anderson  ,tonya.anderson331@gmail.com,446-778-6691,Norway
112,Charles,Owens,charles.owens22@hotmail.com,(628)492-2680x182,Central African Republic
113,Marcus,Fletcher,marcus.fletcher668@yahoo.com,441.443.8424x98182,Palestinian Territory
114,Claudia,Winters,claudia.winters482@yahoo.com,001-800-210-9439,Luxembourg
115,Pamela,Gardner,pamela.gardner296@hotmail.com,573-764-7102x7677,New Caledonia
116,Douglas,Hensley,douglas.hensley119@yahoo.com,001-956-525-8815x3714,Cambodia
117,Colin,Roberts,colin.roberts424@yahoo.com,+1-963-625-9532x787,Luxembourg
118,Andrew,Landry,andrew.landry274@hotmail.com,233.395.0047x974,Jersey
119,Dennis,Baker,,001-965-606-0983x58416,Sweden
120,Veronica,Becker,VERONICA.BECKER862@GMAIL.COM,(816)255-8523,Aruba
121,Benjamin,Reeves,benjamin.reeves522@yahoo.com,772.998.2595x26949,Russian Federation
122,Anna,Wells,anna.wells196@gmail.com,(551)269-4097x499,Myanmar
123,Timothy,Warren,,+1-462-830-9130x756,Portugal
124,James,Shaw,JAMES.SHAW594@HOTMAIL.COM,702.783.8578x6527,Philippines
125,Kelsey,Le,kelsey.le557@hotmail.com,001-549-973-3484x344,Ghana
126,Timothy,  Castro  ,timothy.castro877@hotmail.com,341-798-6652x404,Uzbekistan
127,Scott,Scott,SCOTT.SCOTT680@YAHOO.COM,538.548.4219,Australia
128,Elizabeth,Schmidt,elizabeth.schmidt340@hotmail.com,401.865.7120,Palau
129,Savannah,Johns,SAVANNAH.JOHNS420@YAHOO.COM,+1-434-254-0193x8026,Taiwan
130,Randy,Simpson,randy.simpson408@hotmail.com,400-949-9154x7887,Faroe Islands
131,James,Rodriguez,james.rodriguez736@gmail.com,001-774-320-5493x2966,Iran
132,Elizabeth,Lopez,elizabeth.lopez295@gmail.com,253.604.6374x5499,Palau
133,Michael,Young,MICHAEL.YOUNG455@HOTMAIL.COM,774-526-8414,Cyprus
134,Susan,Mendoza,susan.mendoza442@yahoo.com,001-795-368-7833x9187,United States Virgin Islands
135,Anne,Brown,anne.brown892@hotmail.com,939.282.2587x13971,Korea
136,David,  Perry  ,david.perry471@hotmail.com,3872406403,Jamaica
137,Melvin,Brown,melvin.brown453@gmail.com,870-946-2265,Trinidad and Tobago
138,Sally,Bennett,sally.bennett310@gmail.com,+1-982-851-2868x23004,Martinique
139,Nicolas,Hall,nicolas.hall717@yahoo.com,(324)231-0690x331,Kiribati
140,Carla,Warner,carla.warner763@gmail.com,606.573.8302,Suriname
141,Sabrina,Johnston,sabrina.johnston236@hotmail.com,+1-453-842-8364x408,Moldova
142,Tyler,Compton,TYLER.COMPTON676@HOTMAIL.COM,,Sri Lanka
143,Steven,Brown,STEVEN.BROWN35@YAHOO.COM,(588)226-3435x17518,Ethiopia
144,Nicholas,Jacobs,nicholas.jacobs136@gmail.com,239-583-7354,Vietnam
145,James,Figueroa,james.figueroa936@hotmail.com,001-673-693-6385x46785,Guyana
146,William,Crawford,william.crawford987@gmail.com,001-875-635-5609x3204,Cape Verde
147,James,Hall,,778.454.7772,Burundi
148,Jennifer,Freeman,jennifer.freeman689@hotmail.com,+1-508-901-0062x3120,Holy See (Vatican City State)
149,  Bruce  ,Little,bruce.little483@hotmail.com,270.808.8600x8484,Sri Lanka
150,Sheila,White,sheila.white844@gmail.com,,French Southern Territories
151,Gabriella,Abbott,gabriella.abbott505@hotmail.com,+1-801-766-6870x0217,Mongolia
152,Tiffany,Dickson,tiffany.dickson714@hotmail.com,2334974014,Vanuatu
153,Melissa,Smith,melissa.smith502@gmail.com,001-826-714-2939,Hungary
154,Karla,Taylor,karla.taylor242@hotmail.com,001-818-750-1631x5999,Antarctica (the territory South of 60 deg S)
155,Cynthia,Bowers,cynthia.bowers408@yahoo.com,335.386.6296x1943,Ethiopia
156,Eric,  Dawson  ,eric.dawson655@hotmail.com,(765)651-1047,Bosnia and Herzegovina
157,David,Lopez,david.lopez71@yahoo.com,+1-388-761-0158,Tonga
158,Paul,  Carter  ,paul.carter808@yahoo.com,001-418-339-8262x24447,Chad
159,Ryan,Fisher,RYAN.FISHER179@YAHOO.COM,354-437-9937,Gabon
160,Adam,Foster,adam.foster17@hotmail.com,(457)856-9245x9375,Ghana
161,Kelly,Neal,kelly.neal797@yahoo.com,001-535-464-6519,Pitcairn Islands
162,Katrina,Johnson,katrina.johnson931@hotmail.com,837.841.6724x342,Barbados
163,Shane,Harper,shane.harper412@hotmail.com,(488)268-0589x1135,Mongolia
164,Tonya,Byrd,tonya.byrd152@yahoo.com,001-956-710-1438x88993,India
165,Steven,Frazier,steven.frazier544@hotmail.com,925.507.1461x12545,Mali
166,Timothy,Alvarez,timothy.alvarez899@yahoo.com,001-475-414-0105x1238,Greenland
167,Anita,Mullen,anita.mullen465@gmail.com,(522)566-0937x9660,Fiji
168,Karen,Stokes,karen.stokes704@gmail.com,001-618-925-5371,Marshall Islands
169,Tammy,Edwards,tammy.edwards832@yahoo.com,+1-369-415-5792x499,Germany
170,David,Torres,david.torres895@gmail.com,(428)466-9296x627,Liechtenstein
171,Keith,Lopez,KEITH.LOPEZ361@YAHOO.COM,+1-905-807-2368x876,Russian Federation
172,Mary,Burns,mary.burns570@gmail.com,001-403-940-4384,Mongolia
173,Julia,Cannon,julia.cannon839@hotmail.com,519.614.8580x78361,Tunisia
174,Yvonne,Cole,yvonne.cole30@yahoo.com,,Slovenia
175,Jamie,Clark,jamie.clark580@gmail.com,001-658-649-8254,Zambia
176,Michele,Duke,michele.duke386@hotmail.com,726-504-2232,Senegal
177,Megan,Long,megan.long87@gmail.com,001-646-767-1168,Korea
178,Stephanie,Murphy,stephanie.murphy435@gmail.com,001-717-451-8636x37454,Mongolia
179,Melissa,Kramer,melissa.kramer291@hotmail.com,001-600-417-0127x70632,Tunisia
180,  Sarah  ,Hill,sarah.hill57@hotmail.com,(241)552-0643x611,Lesotho
181,Christian,Wheeler,CHRISTIAN.WHEELER8@HOTMAIL.COM,+1-370-705-1627x13611,Heard Island and McDonald Islands
182,Nicole,Taylor,nicole.taylor685@gmail.com,,Benin
183,Peggy,Taylor,peggy.taylor883@gmail.com,001-565-665-2341,Slovakia (Slovak Republic)
184,Shelly,Johnson,shelly.johnson990@hotmail.com,538-998-3640x3761,Northern Mariana Islands
185,Brittney,Rice,brittney.rice865@gmail.com,(352)269-6582x710,Estonia
186,Jason,Livingston,jason.livingston227@yahoo.com,348.566.6188x92414,Sri Lanka
187,Eric,Murphy,eric.murphy358@hotmail.com,+1-214-663-0316x1799,Papua New Guinea
188,Judith,Yang,judith.yang178@gmail.com,4207275884,Brunei Darussalam
189,Kara,Marks,kara.marks773@hotmail.com,305-964-8149,Korea
190,William,Brown,WILLIAM.BROWN331@HOTMAIL.COM,(252)241-9138,Togo
191,Michelle,Sanchez,MICHELLE.SANCHEZ282@YAHOO.COM,,Montserrat
192,Nathan,Shaw,nathan.shaw294@gmail.com,(738)306-1744,Micronesia
193,Stephen,Wood,STEPHEN.WOOD568@YAHOO.COM,001-549-437-5973,Albania
194,Sarah,Johnson,SARAH.JOHNSON620@HOTMAIL.COM,(205)406-4138x367,Rwanda
195,Joshua,Williams,JOSHUA.WILLIAMS732@GMAIL.COM,865.471.9182x61990,Dominica
196,Kelly,Rosales,kelly.rosales625@yahoo.com,001-355-474-3132x912,Korea
197,Steven,Russell,steven.russell809@hotmail.com,(537)747-4112x490,Cameroon
198,Christopher,Wright,christopher.wright873@yahoo.com,(980)344-2067x8831,Spain
199,Laura,Martinez,laura.martinez359@gmail.com,001-932-436-5199x41013,Bermuda
200,Rebecca,Calderon,rebecca.calderon573@yahoo.com,207-802-9667,Pitcairn Islands
201,Ronald,Gomez,ronald.gomez702@gmail.com,,Benin
202,Joshua,Taylor,joshua.taylor974@gmail.com,+1-783-880-6578x7598,Faroe Islands
203,Hector,Flores,hector.flores865@gmail.com,3405785932,Palestinian Territory
204,John,Ferguson,john.ferguson898@hotmail.com,7397652239,United States Minor Outlying Islands
205,Brittany,Warner,BRITTANY.WARNER829@YAHOO.COM,001-992-293-7842,Bermuda
206,Brian,Guzman,brian.guzman626@gmail.com,470.359.3252x50029,Tanzania
207,Alicia,Diaz,alicia.diaz481@gmail.com,(469)715-4522x675,Czech Republic
208,Elizabeth,Olsen,elizabeth.olsen797@yahoo.com,542-320-9690x2959,Vietnam
209,Tyler,Rivera,tyler.rivera257@gmail.com,555.521.5704,Puerto Rico
210,Carlos,Scott,carlos.scott128@gmail.com,001-300-967-6267x6586,Solomon Islands
211,Michelle,Curtis,michelle.curtis970@hotmail.com,327.310.4054,Guam
212,George,Bennett,,481-859-9706,Cayman Islands
213,Brian,Rivera,BRIAN.RIVERA666@GMAIL.COM,(288)744-4310x69872,Afghanistan
214,Ronald,Phillips,RONALD.PHILLIPS778@HOTMAIL.COM,+1-897-931-0324x1714,Liechtenstein
215,Patricia,Baker,patricia.baker562@hotmail.com,+1-662-956-5270,Lao People's Democratic Republic
216,Jose,Hood,jose.hood245@hotmail.com,2218158693,Svalbard & Jan Mayen Islands
217,Alexandra,Sheppard,alexandra.sheppard17@hotmail.com,,Zambia
218,Katherine,Thompson,KATHERINE.THOMPSON585@GMAIL.COM,632.706.1632,United States Minor Outlying Islands
219,Jessica,Aguirre,JESSICA.AGUIRRE520@GMAIL.COM,,Canada
220,Eddie,  Matthews  ,eddie.matthews383@gmail.com,991-948-5646,Argentina
221,Gerald,Powell,GERALD.POWELL791@HOTMAIL.COM,+1-660-665-3074x505,Fiji
222,Megan,Garrison,megan.garrison851@hotmail.com,332-547-5469,Kenya
223,Jason,  Holloway  ,jason.holloway795@hotmail.com,285.408.2148x6289,Congo
224,Nancy,Gonzalez,nancy.gonzalez318@gmail.com,807.305.3457,Pitcairn Islands
225,Anthony,  Watson  ,anthony.watson366@hotmail.com,827.298.5524x140,Central African Republic
226,Melissa,Chan,melissa.chan410@gmail.com,433.446.8007,Netherlands Antilles
227,Lauren,Walker,LAUREN.WALKER947@HOTMAIL.COM,346-265-7437x4896,Malawi
228,Yvonne,Levy,YVONNE.LEVY185@YAHOO.COM,+1-699-744-1715,Tokelau
229,Joshua,Douglas,joshua.douglas437@hotmail.com,632-883-0965x2074,Iraq
230,Paul,Johnson,paul.johnson446@hotmail.com,001-435-438-7584,French Polynesia
231,Connor,Anderson,CONNOR.ANDERSON821@YAHOO.COM,001-682-951-3534x6554,Thailand
232,David,Brown,david.brown130@hotmail.com,001-699-817-3816,Austria
233,Monica,Hernandez,monica.hernandez696@gmail.com,969-672-5217x52500,Cote d'Ivoire
234,Kathleen,Jackson,KATHLEEN.JACKSON322@GMAIL.COM,512.796.6667x6008,Zambia
235,Alexis,Morris,alexis.morris576@hotmail.com,800.633.5421,Chad
236,Cameron,Williams,CAMERON.WILLIAMS503@YAHOO.COM,889.285.6257x532,Denmark
237,Jeffrey,Mercer,jeffrey.mercer830@gmail.com,001-209-382-1506x4890,Palau
238,Mary,Williams,mary.williams913@gmail.com,(676)418-4723x04618,Italy
239,Maria,Garcia,MARIA.GARCIA230@HOTMAIL.COM,,French Polynesia
240,Ethan,Kelley,ETHAN.KELLEY378@GMAIL.COM,001-375-330-0119x721,United Kingdom
241,Jonathan,Hall,jonathan.hall735@yahoo.com,270-212-0455x611,Timor-Leste
242,Devon,Holland,devon.holland658@yahoo.com,(679)841-5521x667,Portugal
243,Melissa,Marsh,melissa.marsh602@hotmail.com,(912)402-1697,New Zealand
244,Noah,Howard,noah.howard157@gmail.com,+1-527-771-6701x45089,Maldives
245,Alexandra,Haynes,alexandra.haynes291@gmail.com,(437)356-2890x02877,Sao Tome and Principe
246,Travis,Allen,travis.allen547@yahoo.com,9839866317,Benin
247,Melissa,West,melissa.west924@gmail.com,,Zambia
248,Matthew,Bryan,matthew.bryan657@gmail.com,758.799.7571x130,Switzerland
249,Cynthia,Marsh,cynthia.marsh911@hotmail.com,851.502.7261x49331,Kuwait
250,Makayla,Lee,MAKAYLA.LEE305@YAHOO.COM,460-991-7798,Albania
251,Alyssa,Williams,alyssa.williams148@yahoo.com,001-778-829-2216,Italy
252,Tiffany,Moon,tiffany.moon380@gmail.com,765-547-2269x848,Cook Islands
253,Jason,Klein,jason.klein52@hotmail.com,(822)688-5158x799,Turkey
254,Melanie,Stokes,MELANIE.STOKES336@HOTMAIL.COM,606-620-0342,Cameroon
255,Mary,  Vaughn  ,mary.vaughn901@yahoo.com,880.557.1983,Malawi
256,  Kristen  ,Lindsey,kristen.lindsey362@yahoo.com,001-906-566-5800x439,United States Minor Outlying Islands
257,Cynthia,Mckinney,cynthia.mckinney9@yahoo.com,001-898-293-3472x12281,Japan
258,Joshua,Baker,joshua.baker411@gmail.com,001-240-657-2025,Liechtenstein
259,Kristy,Pierce,kristy.pierce564@gmail.com,001-858-332-8182x688,Guernsey
260,Jeffrey,Lewis,jeffrey.lewis814@yahoo.com,554-239-8780x15739,Pitcairn Islands
261,  Nicole  ,James,nicole.james42@gmail.com,(548)740-8588x7704,Malaysia
262,Christopher,Davis,christopher.davis528@hotmail.com,+1-801-333-6138,San Marino
263,Gina,Johnson,gina.johnson608@hotmail.com,901-810-2481x93466,Jersey
264,Leslie,Price,leslie.price378@gmail.com,+1-309-619-0158,Solomon Islands
265,  Gina  ,Obrien,gina.obrien645@yahoo.com,001-676-760-7283x26842,Zambia
266,Alex,Baxter,alex.baxter739@gmail.com,600-599-6881,San Marino
267,Judith,  Swanson  ,judith.swanson842@gmail.com,,French Guiana
268,Emily,King,emily.king156@gmail.com,001-997-955-2314x9135,Greenland
269,Christina,Torres,christina.torres745@hotmail.com,(599)555-6205,Rwanda
270,Jodi,Graham,jodi.graham322@yahoo.com,(357)477-5478,Oman
271,Catherine,Wilkinson,catherine.wilkinson698@gmail.com,+1-834-511-0809,United States of America
272,Benjamin,Green,benjamin.green231@hotmail.com,725.263.9427x8816,Panama
273,John,Maynard,john.maynard492@hotmail.com,+1-928-527-2299x27503,Bahrain
274,Joseph,Young,joseph.young389@hotmail.com,385.667.7005,Syrian Arab Republic
275,Judy,Lane,judy.lane979@hotmail.com,(566)859-1846,Guinea
276,Lisa,Reed,lisa.reed552@yahoo.com,+1-408-427-2318x432,Guyana
277,Carolyn,Montoya,carolyn.montoya52@hotmail.com,465.817.7739,Angola
278,John,Anderson,john.anderson103@hotmail.com,(428)809-2024,Netherlands Antilles
279,Tanya,Walsh,TANYA.WALSH902@HOTMAIL.COM,001-441-637-9772x3692,Chad
280,Jennifer,Cooper,jennifer.cooper930@yahoo.com,+1-891-436-6210x388,New Caledonia
281,Cole,Alvarez,COLE.ALVAREZ944@HOTMAIL.COM,+1-808-781-1729x806,Tunisia
282,Bradley,Moreno,bradley.moreno508@gmail.com,,Comoros
283,Adam,Manning,adam.manning618@gmail.com,001-781-380-6356,Cape Verde
284,Ronald,Richards,ronald.richards962@yahoo.com,+1-969-459-4636,Heard Island and McDonald Islands
285,Angie,Webb,angie.webb664@yahoo.com,001-556-821-3721,Solomon Islands
286,Matthew,Pierce,matthew.pierce180@hotmail.com,+1-702-360-1279x61143,New Caledonia
287,Benjamin,Cruz,benjamin.cruz98@yahoo.com,+1-584-290-2770x384,Slovenia
288,Carol,Black,carol.black772@gmail.com,+1-820-553-0214x656,Maldives
289,Alexis,Padilla,alexis.padilla242@gmail.com,+1-548-995-5439,Venezuela
290,Richard,Smith,richard.smith721@gmail.com,(981)881-8451x84894,Mongolia
291,Timothy,Sanchez,timothy.sanchez981@yahoo.com,001-777-290-7141x63356,Reunion
292,Marilyn,Wright,marilyn.wright483@gmail.com,(951)582-7553x9423,Dominica
293,Jill,Salas,jill.salas807@gmail.com,933.295.2111,Serbia
294,Mercedes,Rubio,mercedes.rubio561@yahoo.com,(495)279-4728x463,Malta
295,Lauren,Mendoza,LAUREN.MENDOZA697@HOTMAIL.COM,7852627187,American Samoa
296,Emily,Gray,emily.gray526@gmail.com,959-842-8434x79552,Cote d'Ivoire
297,Robert,Goodwin,robert.goodwin261@yahoo.com,(847)529-2931x4386,Cameroon
298,Lauren,Rodgers,lauren.rodgers62@yahoo.com,6266728857,Monaco
299,Michele,Williams,michele.williams785@gmail.com,001-620-734-7175x455,Angola
300,Robert,Bell,robert.bell940@hotmail.com,+1-339-898-2455x877,Nicaragua
301,Justin,Welch,justin.welch357@gmail.com,(756)599-6112,Germany
302,  Logan  ,Carter,logan.carter775@yahoo.com,+1-464-575-9876x220,Panama
303,Johnathan,Manning,JOHNATHAN.MANNING254@HOTMAIL.COM,232-261-1178,Sierra Leone
304,Randy,Hubbard,,649-921-6433,Niue
305,David,Rose,david.rose35@gmail.com,,Yemen
306,Heidi,Thompson,HEIDI.THOMPSON553@HOTMAIL.COM,696.788.4578x317,Isle of Man
307,Jordan,Torres,jordan.torres750@gmail.com,525.247.8077x40649,Mexico
308,Nathaniel,Jenkins,nathaniel.jenkins677@hotmail.com,(663)626-6341x63894,Isle of Man
309,Jacob,Jones,jacob.jones180@gmail.com,217-497-4973x5020,Bosnia and Herzegovina
310,Julian,Martinez,julian.martinez805@yahoo.com,001-903-212-0735x6475,Greenland
311,Christopher,Christensen,christopher.christensen247@gmail.com,8462187234,British Virgin Islands
312,Theresa,Espinoza,theresa.espinoza992@yahoo.com,001-273-303-7183x76452,El Salvador
313,Timothy,Evans,timothy.evans461@yahoo.com,3318365024,Somalia
314,  John  ,Novak,john.novak618@hotmail.com,001-279-225-1327x195,Guinea-Bissau
315,Deanna,Miles,,(873)758-5730,Saint Kitts and Nevis
316,Dennis,Roach,dennis.roach121@yahoo.com,001-978-648-7392x855,Trinidad and Tobago
317,Marie,Rocha,marie.rocha246@hotmail.com,(918)227-4485,Singapore
318,Dana,Gray,dana.gray526@gmail.com,5959935186,Seychelles
319,Andrea,Austin,andrea.austin209@yahoo.com,(351)218-1022x03173,Montserrat
320,Darlene,Price,darlene.price958@yahoo.com,299.740.5391x03717,Moldova
321,Julia,Zamora,julia.zamora252@yahoo.com,001-309-548-0141x381,Martinique
322,Paul,Lee,paul.lee658@hotmail.com,992.888.6195,Turks and Caicos Islands
323,Dalton,Sparks,dalton.sparks189@hotmail.com,,New Caledonia
324,John,  Gardner  ,JOHN.GARDNER968@YAHOO.COM,001-684-257-7600x49082,French Southern Territories
325,  Tracey  ,Lewis,tracey.lewis155@yahoo.com,2489889921,Guinea-Bissau
326,Eric,  Baker  ,eric.baker495@hotmail.com,,Somalia
327,Timothy,  Freeman  ,timothy.freeman549@hotmail.com,001-891-894-0961x055,Venezuela
328,Mindy,Kane,mindy.kane110@gmail.com,001-590-460-4805x8925,Australia
329,Emily,Osborn,emily.osborn815@yahoo.com,001-299-881-3646x22517,Estonia
330,Christopher,Shaw,christopher.shaw701@hotmail.com,,Barbados
331,Joseph,Jordan,JOSEPH.JORDAN387@HOTMAIL.COM,001-711-266-5535,Sierra Leone
332,Kevin,Huerta,kevin.huerta804@hotmail.com,592.470.3352x110,Trinidad and Tobago
333,Marissa,Roberts,marissa.roberts923@yahoo.com,001-614-977-0538x338,Nigeria
334,Jessica,Thomas,JESSICA.THOMAS921@HOTMAIL.COM,,Bangladesh
335,Paul,Nelson,paul.nelson148@hotmail.com,(310)446-3681x579,Congo
336,Vincent,Ellis,vincent.ellis855@hotmail.com,2037845762,Poland
337,Michael,Garrett,michael.garrett706@gmail.com,840.546.0843x25621,Israel
338,John,Hernandez,john.hernandez349@yahoo.com,+1-457-882-3298x324,United States of America
339,Theresa,Thomas,theresa.thomas803@hotmail.com,(251)788-1252,Turkmenistan
340,Teresa,Ali,teresa.ali677@yahoo.com,542.531.2209x949,Djibouti
341,Grace,Howard,grace.howard390@hotmail.com,001-572-289-7526x77223,
342,Kathy,Smith,KATHY.SMITH316@YAHOO.COM,(233)831-2797x57366,Saint Helena
343,Lawrence,  Carr  ,lawrence.carr525@hotmail.com,001-298-580-8177,Maldives
344,  Amanda  ,Terrell,amanda.terrell395@gmail.com,+1-668-903-4764,Chad
345,Roberto,Austin,roberto.austin249@gmail.com,001-882-877-1812x982,Gibraltar
346,Shannon,White,shannon.white65@hotmail.com,001-337-814-5211x175,Saint Lucia
347,Kylie,Hunt,KYLIE.HUNT739@GMAIL.COM,(686)602-5922x2206,Saint Lucia
348,Kayla,Griffin,kayla.griffin341@hotmail.com,(912)930-9407,Mayotte
349,Lindsey,Franklin,lindsey.franklin667@yahoo.com,239.577.6719,Turkmenistan
350,Amy,Harvey,amy.harvey988@hotmail.com,602.720.5020,Uruguay
351,Christopher,Rodriguez,christopher.rodriguez334@gmail.com,(749)299-8279,Bermuda
352,Kayla,Morris,KAYLA.MORRIS559@YAHOO.COM,768-814-7214,Malta
353,Jason,Clark,jason.clark817@gmail.com,798-617-9469,Malta
354,Barbara,Hanson,BARBARA.HANSON649@GMAIL.COM,+1-397-287-7293x430,Lao People's Democratic Republic
355,Colleen,Wilson,colleen.wilson613@gmail.com,+1-366-605-5830x344,French Southern Territories
356,William,Nguyen,william.nguyen810@gmail.com,755-769-9023,Uzbekistan
357,Emily,Hendricks,emily.hendricks255@gmail.com,+1-727-227-8576x0849,Cote d'Ivoire
358,Barbara,Rivera,barbara.rivera410@yahoo.com,824-405-6829,Nepal
359,Darryl,Patton,darryl.patton765@yahoo.com,001-650-446-1735x743,Bouvet Island (Bouvetoya)
360,Neil,Johnson,neil.johnson603@gmail.com,978-607-8235,Singapore
361,Mark,Hammond,MARK.HAMMOND88@GMAIL.COM,923.207.6810x40915,Bosnia and Herzegovina
362,Abigail,Hopkins,abigail.hopkins495@yahoo.com,7949353344,Paraguay
363,David,Hernandez,david.hernandez728@yahoo.com,709-688-1385,Cambodia
364,Sherry,Brock,sherry.brock250@hotmail.com,421.249.5870,Latvia
365,Rebecca,Williams,,7166629979,Grenada
366,Lisa,  Marquez  ,lisa.marquez607@hotmail.com,+1-617-992-1717,Latvia
367,Jesse,Walker,JESSE.WALKER592@HOTMAIL.COM,756-925-5770x171,Kyrgyz Republic
368,Megan,Campbell,megan.campbell884@yahoo.com,+1-992-881-6158x148,Nauru
369,Robert,Oliver,robert.oliver361@hotmail.com,(776)515-3966,China
370,Elaine,Miller,elaine.miller87@hotmail.com,001-971-499-7581,Gambia
371,Stephanie,Jones,stephanie.jones398@gmail.com,+1-696-857-0132x90227,Nicaragua
372,Becky,Gonzalez,BECKY.GONZALEZ661@HOTMAIL.COM,249-746-5190x98624,United Arab Emirates
373,Ana,Brown,ANA.BROWN635@HOTMAIL.COM,+1-751-840-3696,Iraq
374,Patrick,Gardner,patrick.gardner518@hotmail.com,(672)438-6562,Burkina Faso
375,  Alexander  ,Wong,alexander.wong579@gmail.com,001-876-921-2679x6927,Hungary
376,Michael,Lopez,michael.lopez469@hotmail.com,7972384689,Argentina
377,Ashley,Bush,ashley.bush557@gmail.com,001-371-528-4781,Latvia
378,Crystal,Alvarado,crystal.alvarado436@hotmail.com,989-949-0580,Malaysia
379,Rebecca,Berry,rebecca.berry357@yahoo.com,(254)642-0949x40792,Sudan
380,Jo,Johnson,jo.johnson756@yahoo.com,628-614-4294,American Samoa
381,Judith,Munoz,judith.munoz212@hotmail.com,001-427-452-4372x8051,Taiwan
382,Tyler,Chaney,tyler.chaney721@yahoo.com,272.439.5041,Kyrgyz Republic
383,Raymond,Turner,raymond.turner139@hotmail.com,001-783-266-7428x60476,Bhutan
384,Samantha,Walsh,samantha.walsh887@yahoo.com,+1-545-744-1496x739,Philippines
385,Hannah,White,hannah.white146@hotmail.com,7015061817,Saint Kitts and Nevis
386,Justin,Lee,justin.lee96@gmail.com,+1-410-393-9111x926,Qatar
387,  Jack  ,Phillips,jack.phillips596@hotmail.com,274-865-4214,Iceland
388,Marvin,Brown,marvin.brown367@yahoo.com,(371)473-9627,Mauritius
389,Kayla,Robinson,kayla.robinson331@hotmail.com,974-210-1194,Ukraine
390,Tyler,  Delgado  ,tyler.delgado699@gmail.com,,Jordan
391,Richard,  Luna  ,richard.luna162@gmail.com,+1-730-667-1985,Iran
392,Brian,Shea,brian.shea666@hotmail.com,258-851-7432,Panama
393,James,Dominguez,james.dominguez681@gmail.com,+1-857-317-3203x0937,Somalia
394,Amber,Parker,amber.parker672@hotmail.com,400.550.5061x387,Uzbekistan
395,  Charles  ,Moss,charles.moss456@yahoo.com,+1-407-390-3202x0417,Svalbard & Jan Mayen Islands
396,Lisa,Wilson,lisa.wilson73@hotmail.com,+1-731-536-5651x982,Serbia
397,Brandon,Thompson,BRANDON.THOMPSON392@GMAIL.COM,542-262-5827,Burkina Faso
398,Craig,Boone,craig.boone9@hotmail.com,(420)571-0021x9467,Cambodia
399,Danielle,Mills,DANIELLE.MILLS631@YAHOO.COM,629.709.2791,Italy
400,Adam,Young,adam.young394@gmail.com,919.958.8373x40312,Christmas Island
401,Ernest,Livingston,ernest.livingston616@gmail.com,+1-454-436-4597x0108,Solomon Islands
402,Anthony,Robertson,ANTHONY.ROBERTSON309@GMAIL.COM,379.795.6353,Denmark
403,Corey,Rojas,COREY.ROJAS813@GMAIL.COM,(831)779-7062x3972,Burkina Faso
404,Stephen,Lee,STEPHEN.LEE13@YAHOO.COM,835-420-9042x177,Senegal
405,Matthew,Tanner,matthew.tanner700@hotmail.com,(992)598-3168,
406,  Thomas  ,Ford,thomas.ford221@gmail.com,001-263-235-6939x2906,Latvia
407,Jessica,Gordon,jessica.gordon426@yahoo.com,667.517.7318x06325,Oman
408,Yolanda,Smith,yolanda.smith81@hotmail.com,227-399-0772x6257,Hungary
409,Patricia,Cook,patricia.cook855@gmail.com,264-398-9319x5085,Hungary
410,Michael,Harvey,michael.harvey251@yahoo.com,(528)518-3253x817,Gibraltar
411,Michael,  Adams  ,,(640)915-5778x81788,Niger
412,Micheal,Nunez,MICHEAL.NUNEZ530@HOTMAIL.COM,337-411-6241,Falkland Islands (Malvinas)
413,Daniel,Hernandez,daniel.hernandez908@gmail.com,880.946.8275,Saint Pierre and Miquelon
414,Deanna,Carter,deanna.carter999@gmail.com,9389569557,Gabon
415,Ashley,Villanueva,ashley.villanueva377@yahoo.com,(643)975-4025,Zimbabwe
416,  Garrett  ,Glass,garrett.glass3@hotmail.com,+1-742-422-2310,Kazakhstan
417,Jorge,  Lopez  ,jorge.lopez954@hotmail.com,001-205-852-5782x841,Venezuela
418,Victor,Thomas,victor.thomas255@yahoo.com,320-988-5474x92975,United Arab Emirates
419,Billy,Gregory,billy.gregory924@gmail.com,506-693-7515x0939,Congo
420,Andrew,Ryan,andrew.ryan887@yahoo.com,,Hungary
421,Nathan,Mitchell,nathan.mitchell578@yahoo.com,378-413-7674x2662,Cote d'Ivoire
422,Kevin,Mcneil,kevin.mcneil795@hotmail.com,,Syrian Arab Republic
423,Patrick,Spencer,,394-678-7300x2447,Israel
424,Harry,Knox,HARRY.KNOX386@HOTMAIL.COM,901.847.1959,Trinidad and Tobago
425,Jonathan,Jennings,jonathan.jennings62@hotmail.com,458-790-4290,Kyrgyz Republic
426,Natalie,Taylor,natalie.taylor423@gmail.com,3455650448,Seychelles
427,Courtney,Duran,COURTNEY.DURAN840@HOTMAIL.COM,001-428-655-4451x89520,Holy See (Vatican City State)
428,Kimberly,Jenkins,kimberly.jenkins872@gmail.com,332-883-3898,Kuwait
429,Sabrina,Wilson,sabrina.wilson77@gmail.com,7754452798,Russian Federation
430,Kevin,Garner,kevin.garner322@gmail.com,822.334.2321,Belarus
431,Andrew,Washington,andrew.washington123@yahoo.com,6312089071,Bahrain
432,Kevin,Smith,kevin.smith878@gmail.com,493-693-2501,Yemen
433,Bethany,Bell,bethany.bell267@hotmail.com,001-293-389-1190x83342,Uzbekistan
434,Jason,Gordon,,859.327.1256x6383,Senegal
435,Tracey,Martinez,tracey.martinez134@gmail.com,627.954.8015x71647,Czech Republic
436,Angela,  Roberts  ,ANGELA.ROBERTS940@YAHOO.COM,917.352.0716,British Indian Ocean Territory (Chagos Archipelago)
437,Douglas,Morales,DOUGLAS.MORALES927@HOTMAIL.COM,321-553-5396,Taiwan
438,Roger,Porter,ROGER.PORTER444@HOTMAIL.COM,001-399-346-5796x78427,El Salvador
439,Tracy,Hall,TRACY.HALL192@GMAIL.COM,7104170269,Gabon
440,Christy,Davis,CHRISTY.DAVIS511@GMAIL.COM,+1-287-273-4778x48588,Jersey
441,Nicole,Wilson,nicole.wilson906@yahoo.com,,Serbia
442,Daniel,Leonard,daniel.leonard731@hotmail.com,+1-889-677-8280,Lithuania
443,  Brittany  ,Gray,BRITTANY.GRAY185@HOTMAIL.COM,(745)800-9025x590,Bhutan
444,Ronnie,Braun,ronnie.braun484@yahoo.com,(403)233-4911x415,Mauritania
445,Mark,Murray,mark.murray273@yahoo.com,001-886-840-7905,Gibraltar
446,Ashley,Stokes,ashley.stokes817@gmail.com,001-935-378-5294x563,Tajikistan
447,Melissa,Lewis,MELISSA.LEWIS756@YAHOO.COM,7496639191,Bangladesh
448,Ashley,Schmidt,ashley.schmidt577@yahoo.com,551.848.4685,Iran
449,John,Robertson,john.robertson39@hotmail.com,,Haiti
450,Steven,Allen,STEVEN.ALLEN207@HOTMAIL.COM,+1-846-565-1364x42493,Brazil
451,Edward,Johnson,edward.johnson152@yahoo.com,678.466.0324x204,Norway
452,Melissa,Stuart,melissa.stuart383@yahoo.com,3018594165,Western Sahara
453,Mary,Cameron,mary.cameron750@gmail.com,398-518-9847,Netherlands Antilles
454,David,Roman,david.roman711@yahoo.com,001-663-963-2123,Ireland
455,Jonathan,Lawrence,jonathan.lawrence752@yahoo.com,+1-451-758-6734,Lebanon
456,Jennifer,  Underwood  ,jennifer.underwood790@gmail.com,+1-990-803-4864x5183,Algeria
457,Renee,Long,renee.long580@yahoo.com,913-843-2756x0417,Vanuatu
458,Maureen,Love,maureen.love652@gmail.com,(948)215-6985,Serbia
459,Brett,May,brett.may272@hotmail.com,420.863.4591x123,Somalia
460,Sheila,Hayes,sheila.hayes449@hotmail.com,(742)495-4316,India
461,Nancy,Duffy,nancy.duffy104@hotmail.com,600.489.3173,Australia
462,Richard,Patterson,richard.patterson819@yahoo.com,(915)929-1086,British Indian Ocean Territory (Chagos Archipelago)
463,Jeffrey,Harris,jeffrey.harris385@yahoo.com,476-226-3934x3626,French Guiana
464,Theresa,  Young  ,theresa.young915@yahoo.com,859.571.0725,Rwanda
465,Patrick,Henderson,patrick.henderson104@hotmail.com,211-280-0537x599,El Salvador
466,William,James,WILLIAM.JAMES677@YAHOO.COM,+1-352-780-9242x87572,Russian Federation
467,  Alyssa  ,Thomas,alyssa.thomas370@gmail.com,402-774-5644x94856,Saint Pierre and Miquelon
468,Virginia,Gallagher,VIRGINIA.GALLAGHER212@GMAIL.COM,+1-970-632-0320,Central African Republic
469,Janice,Graham,janice.graham501@yahoo.com,3757877712,Bermuda
470,James,Mitchell,james.mitchell192@gmail.com,001-584-999-3908x9261,Philippines
471,Clinton,Murphy,clinton.murphy771@yahoo.com,+1-216-759-1520x17774,Aruba
472,Diana,Tapia,diana.tapia233@yahoo.com,001-892-630-4501x8961,Christmas Island
473,John,Wise,john.wise487@yahoo.com,603-926-6421,Spain
474,Ryan,Drake,ryan.drake585@yahoo.com,+1-892-351-5837x76749,Saudi Arabia
475,Roberto,Richardson,roberto.richardson178@gmail.com,,Belgium
476,Rebecca,Woods,rebecca.woods700@gmail.com,(343)286-4908,Malaysia
477,Daniel,Coleman,daniel.coleman937@gmail.com,494.854.9180x172,Aruba
478,Christopher,Mcdowell,christopher.mcdowell940@yahoo.com,897-279-4523x21941,Albania
479,Randall,Smith,randall.smith152@hotmail.com,476.297.4995x6412,Comoros
480,Daniel,Smith,daniel.smith805@gmail.com,6379236831,Cameroon
481,Thomas,Johnson,thomas.johnson624@gmail.com,(677)870-7933,Austria
482,Matthew,Garcia,matthew.garcia406@hotmail.com,(967)599-8407x67899,Rwanda
483,Bruce,Smith,bruce.smith21@hotmail.com,681-546-7179x57602,Latvia
484,Maurice,Hall,maurice.hall996@gmail.com,001-959-472-4665,Nigeria
485,Jared,Vazquez,jared.vazquez427@gmail.com,+1-272-223-2971x67433,Guinea-Bissau
486,Nicole,Kelly,nicole.kelly529@gmail.com,(380)515-6193,Libyan Arab Jamahiriya
487,Jonathan,Peterson,jonathan.peterson139@yahoo.com,001-308-242-8910x77119,Madagascar
488,Daniel,Soto,daniel.soto60@gmail.com,(524)978-7125x521,Israel
489,Kayla,Smith,kayla.smith518@yahoo.com,448-821-4565x32863,Isle of Man
490,Samantha,Villanueva,samantha.villanueva984@hotmail.com,+1-250-872-0811x55626,Senegal
491,Benjamin,  Nielsen  ,BENJAMIN.NIELSEN706@GMAIL.COM,001-708-246-6845,Sweden
492,Joshua,Rose,joshua.rose227@gmail.com,,Mauritania
493,Matthew,Hardy,MATTHEW.HARDY786@HOTMAIL.COM,(788)443-1884,Angola
494,Anthony,Hogan,anthony.hogan623@hotmail.com,234-368-1054x851,Kiribati
495,Kenneth,Doyle,kenneth.doyle358@yahoo.com,539-398-9354x49268,Greece
496,Zachary,Lee,zachary.lee8@yahoo.com,912.366.1106x273,Heard Island and McDonald Islands
497,Erica,Powell,erica.powell306@hotmail.com,964.497.6776x22827,Romania
498,William,Rice,william.rice672@hotmail.com,877.302.8519,British Indian Ocean Territory (Chagos Archipelago)
499,Mike,Roberts,mike.roberts825@hotmail.com,(415)445-4470,Slovenia
500,Brittany,Williams,brittany.williams510@yahoo.com,,United Arab Emirates
501,Matthew,Bennett,matthew.bennett586@hotmail.com,+1-822-887-7725x199,Djibouti
502,Rachel,Morgan,rachel.morgan964@gmail.com,+1-274-512-0948x18139,Sao Tome and Principe
503,Thomas,Prince,thomas.prince100@gmail.com,+1-282-904-3397x18956,Tokelau
504,Sarah,Morgan,sarah.morgan922@gmail.com,(608)356-4111x82422,Cape Verde
505,Kristopher,Russell,kristopher.russell340@gmail.com,7954200461,Isle of Man
506,Patricia,Scott,patricia.scott595@gmail.com,8333993788,Ethiopia
507,Bruce,Marshall,BRUCE.MARSHALL306@YAHOO.COM,370-563-0489,Serbia
508,Angela,Glover,angela.glover915@yahoo.com,001-467-518-3258,Mauritania
509,Stephanie,Ali,STEPHANIE.ALI647@HOTMAIL.COM,600.879.4200x749,Guernsey
510,Megan,Lewis,megan.lewis591@hotmail.com,802-589-1416x1284,New Zealand
511,William,Pham,WILLIAM.PHAM414@HOTMAIL.COM,947-243-5537x95020,United Arab Emirates
512,Albert,Thompson,ALBERT.THOMPSON914@HOTMAIL.COM,001-776-881-1807x156,Christmas Island
513,Mary,Cain,MARY.CAIN711@GMAIL.COM,775-537-0304,Bermuda
514,Lisa,Garrett,lisa.garrett47@hotmail.com,237.550.4793,Swaziland
515,Danielle,Rodriguez,danielle.rodriguez138@yahoo.com,001-487-328-3999,Namibia
516,  David  ,Brown,david.brown414@yahoo.com,,Wallis and Futuna
517,Ronald,Nunez,RONALD.NUNEZ127@HOTMAIL.COM,7562641877,Turks and Caicos Islands
518,Jennifer,  Williams  ,JENNIFER.WILLIAMS50@YAHOO.COM,,Portugal
519,Rodney,Jones,rodney.jones455@gmail.com,225.741.1076,Tajikistan
520,John,Rodriguez,john.rodriguez309@gmail.com,205-283-1997x17911,Honduras
521,Lawrence,Abbott,LAWRENCE.ABBOTT921@GMAIL.COM,(207)204-9611,French Polynesia
522,Melissa,Morales,melissa.morales205@hotmail.com,001-263-999-0767x69915,Maldives
523,Mark,Lee,mark.lee562@gmail.com,,Liberia
524,Jenny,Wallace,jenny.wallace929@gmail.com,(600)424-9685,Cameroon
525,Terrance,Morrison,terrance.morrison741@yahoo.com,(508)592-0388x065,Northern Mariana Islands
526,Rebekah,Glover,rebekah.glover103@yahoo.com,677.895.9959,Greenland
527,Francis,Gibson,FRANCIS.GIBSON119@GMAIL.COM,830.433.7933x7563,Sweden
528,Veronica,Cox,veronica.cox367@gmail.com,(508)512-4739x500,Finland
529,Grant,Mcclure,grant.mcclure117@hotmail.com,(358)232-3024,Switzerland
530,Erica,Gray,ERICA.GRAY665@GMAIL.COM,434-573-5528x96112,Congo
531,Amanda,Benson,amanda.benson107@yahoo.com,+1-263-609-9384x253,Tunisia
532,David,Romero,david.romero368@hotmail.com,931.479.1286x8578,Gibraltar
533,Jennifer,Fox,JENNIFER.FOX500@YAHOO.COM,001-577-849-6903x337,Cuba
534,Kevin,Oneal,kevin.oneal695@hotmail.com,(754)581-2147,Myanmar
535,Blake,Hunt,BLAKE.HUNT532@YAHOO.COM,(677)366-5754x60273,Guinea-Bissau
536,Rachel,Phillips,rachel.phillips693@hotmail.com,781.643.1115x08353,
537,Julie,Mack,julie.mack957@yahoo.com,892.884.0445,Swaziland
538,Bethany,Rios,bethany.rios247@yahoo.com,+1-982-763-3373x8987,Somalia
539,Christopher,Singleton,christopher.singleton81@yahoo.com,001-763-777-8052x92407,Czech Republic
540,Robert,  Jennings  ,robert.jennings510@yahoo.com,001-884-859-0902x25999,Costa Rica
541,Stacy,Brown,stacy.brown811@yahoo.com,371.459.7412,Antigua and Barbuda
542,Margaret,Morrison,margaret.morrison974@gmail.com,(331)964-3348,Azerbaijan
543,Miguel,Smith,miguel.smith615@yahoo.com,(862)912-8671x63234,Cayman Islands
544,Cassandra,Crosby,cassandra.crosby350@hotmail.com,887.543.0271,Malta
545,Mark,Carroll,mark.carroll919@yahoo.com,879.501.4754x692,Christmas Island
546,Rachel,Quinn,rachel.quinn193@yahoo.com,(929)816-0324x8413,Serbia
547,Angela,Carney,angela.carney776@gmail.com,001-918-856-7243x80701,Guam
548,Julie,Foley,,3043125777,Mexico
549,Diane,Reeves,diane.reeves444@yahoo.com,(674)322-0912,Martinique
550,Judith,Jackson,judith.jackson749@hotmail.com,001-304-827-5230x83708,Portugal
551,Kyle,Williams,kyle.williams429@gmail.com,8632353310,American Samoa
552,Matthew,Lee,matthew.lee464@hotmail.com,731-722-0681,Monaco
553,Courtney,Weber,courtney.weber561@hotmail.com,(861)533-1552x0650,Kuwait
554,Jeffrey,Barrett,JEFFREY.BARRETT298@YAHOO.COM,+1-495-601-3649x7189,Bhutan
555,Carol,Jarvis,CAROL.JARVIS556@HOTMAIL.COM,(525)225-7150x9976,Djibouti
556,Andrew,Blake,andrew.blake684@gmail.com,836-539-1025x7432,Norway
557,Benjamin,  Mclean  ,BENJAMIN.MCLEAN14@HOTMAIL.COM,752.545.0864x035,Costa Rica
558,Amber,Knox,AMBER.KNOX165@HOTMAIL.COM,339.968.5270,Bangladesh
559,  Stephanie  ,Williams,STEPHANIE.WILLIAMS555@GMAIL.COM,321.829.8338,Saint Kitts and Nevis
560,Stuart,Martin,stuart.martin761@gmail.com,562.693.4497,Tokelau
561,Kimberly,Miller,kimberly.miller49@yahoo.com,(862)377-6896x2706,Senegal
562,Rebecca,Evans,rebecca.evans14@hotmail.com,(882)946-7474,Barbados
563,Mathew,Espinoza,mathew.espinoza649@gmail.com,(830)708-5766,Hungary
564,Tracy,Davidson,tracy.davidson988@hotmail.com,660-716-9236,Malawi
565,Jenna,Reid,jenna.reid123@yahoo.com,001-906-463-3705x024,Equatorial Guinea
566,John,Lane,JOHN.LANE339@HOTMAIL.COM,(501)816-6918,Chad
567,Maria,King,maria.king641@yahoo.com,686.294.6119x52436,Chile
568,Lisa,Smith,lisa.smith326@gmail.com,001-368-964-6225x22372,Montenegro
569,Lisa,Lopez,lisa.lopez414@gmail.com,001-323-646-7912x1416,Bahrain
570,Matthew,Richards,matthew.richards771@yahoo.com,610.904.0901x3806,Lebanon
571,Katherine,Munoz,katherine.munoz355@yahoo.com,(255)935-6690x551,Trinidad and Tobago
572,Holly,Hardy,HOLLY.HARDY329@GMAIL.COM,9918843579,Panama
573,Jacob,Andersen,jacob.andersen530@yahoo.com,,Japan
574,Sheila,David,SHEILA.DAVID198@YAHOO.COM,+1-616-949-3289x80271,Chile
575,Peggy,Friedman,peggy.friedman642@yahoo.com,+1-583-633-2116x02564,Papua New Guinea
576,Thomas,Merritt,thomas.merritt551@gmail.com,+1-828-571-5399x15668,Czech Republic
577,Jonathon,Carter,jonathon.carter703@gmail.com,859-231-9525,Georgia
578,Bryan,Nichols,bryan.nichols572@yahoo.com,(455)628-9931x60875,Taiwan
579,  Jeffery  ,Frazier,jeffery.frazier324@gmail.com,+1-542-909-5481x497,French Guiana
580,  Janet  ,Bennett,janet.bennett600@yahoo.com,(233)802-7642,Guadeloupe
581,Roberto,Kennedy,roberto.kennedy622@yahoo.com,001-266-618-4438x61259,Kuwait
582,Diamond,Ray,diamond.ray547@yahoo.com,001-874-823-3305x912,Philippines
583,Meagan,Howe,meagan.howe306@gmail.com,(272)301-8596x263,Dominican Republic
584,Randy,Turner,RANDY.TURNER567@HOTMAIL.COM,(361)376-4750,Belize
585,David,May,david.may88@hotmail.com,409.899.7419,Liberia
586,Zoe,Park,zoe.park525@yahoo.com,001-821-951-8260,Bahrain
587,April,Richards,april.richards581@hotmail.com,+1-413-512-9208x7510,Palau
588,Evan,Hart,EVAN.HART298@GMAIL.COM,518-645-8260,Aruba
589,Sophia,Stone,sophia.stone688@yahoo.com,+1-287-529-7585x98831,Argentina
590,Jacob,Evans,JACOB.EVANS632@GMAIL.COM,(898)339-5429,Mexico
591,  Jonathan  ,James,jonathan.james173@gmail.com,(471)846-2831x4359,Swaziland
592,Eric,Riddle,eric.riddle138@yahoo.com,(309)731-4181x8615,United States of America
593,Matthew,Nelson,matthew.nelson112@gmail.com,901-363-6112x849,Marshall Islands
594,Michael,Armstrong,michael.armstrong270@yahoo.com,+1-749-810-2562,Lesotho
595,Brittany,Green,brittany.green833@hotmail.com,922.726.9405x39672,South Georgia and the South Sandwich Islands
596,Taylor,Mitchell,taylor.mitchell553@yahoo.com,234.314.6511x13129,Samoa
597,Justin,Noble,JUSTIN.NOBLE298@GMAIL.COM,,Saint Vincent and the Grenadines
598,Donna,Knapp,DONNA.KNAPP988@HOTMAIL.COM,+1-290-897-2832x15285,Lithuania
599,Nicholas,Brooks,NICHOLAS.BROOKS972@GMAIL.COM,638-214-4744x30963,Vietnam
600,Steven,Williamson,steven.williamson780@yahoo.com,2507975451,Tuvalu
601,Jennifer,Morales,jennifer.morales370@gmail.com,367-931-8826,Albania
602,Eric,Douglas,eric.douglas992@gmail.com,465.745.6284x1772,San Marino
603,Ryan,Howard,ryan.howard670@hotmail.com,213.440.2665,Papua New Guinea
604,James,Mendoza,james.mendoza229@hotmail.com,316-378-7256x862,Somalia
605,Andrew,Moore,andrew.moore514@hotmail.com,6306569067,Libyan Arab Jamahiriya
606,Christopher,Patterson,CHRISTOPHER.PATTERSON162@HOTMAIL.COM,(582)934-1436,Romania
607,Kirsten,Garcia,kirsten.garcia494@hotmail.com,892.239.2312x60432,Nicaragua
608,James,Lin,james.lin131@yahoo.com,(684)733-5670x86041,Fiji
609,Sherry,Dawson,sherry.dawson265@gmail.com,402-600-0534x74916,Yemen
610,Travis,Cook,TRAVIS.COOK746@GMAIL.COM,708-525-5598,Pakistan
611,Joshua,Silva,JOSHUA.SILVA175@GMAIL.COM,329-310-9337,Western Sahara
612,Amy,Cooper,amy.cooper524@hotmail.com,938.320.2368x4855,United States Minor Outlying Islands
613,Ryan,  Webb  ,ryan.webb395@hotmail.com,302.494.2409x03678,Kazakhstan
614,Karen,Cruz,karen.cruz621@yahoo.com,(694)632-0293x9087,Timor-Leste
615,Jeffrey,Erickson,jeffrey.erickson121@hotmail.com,,Faroe Islands
616,Morgan,Williams,morgan.williams695@gmail.com,681.405.9551,Ireland
617,Rachel,Phillips,rachel.phillips822@gmail.com,+1-505-934-2408x9164,Cyprus
618,Mark,Harris,mark.harris590@hotmail.com,001-462-573-6527x17272,Montenegro
619,Tracy,Blair,TRACY.BLAIR898@HOTMAIL.COM,,Bolivia
620,  Jennifer  ,Taylor,jennifer.taylor533@gmail.com,+1-416-260-1002x314,Somalia
621,Tammy,Rosario,tammy.rosario668@gmail.com,+1-651-732-7972,Lesotho
622,Eric,Brown,eric.brown407@hotmail.com,281-500-1841x862,Anguilla
623,Jeremy,Cruz,jeremy.cruz260@yahoo.com,+1-743-361-7213x1451,Guyana
624,Sandra,Gillespie,sandra.gillespie122@gmail.com,+1-622-768-5926x249,Turkey
625,Dalton,Hendricks,dalton.hendricks347@hotmail.com,(341)802-2526x771,Saint Lucia
626,Joshua,Davis,joshua.davis824@gmail.com,(765)457-6769,Spain
627,Sherry,Dorsey,sherry.dorsey82@yahoo.com,(587)388-7883x61968,Dominica
628,Michael,Harris,michael.harris987@gmail.com,(887)521-0552x472,Cote d'Ivoire
629,Maria,Brown,MARIA.BROWN673@GMAIL.COM,326-906-5019,Taiwan
630,Brittney,  Moore  ,,(621)931-0962x272,Isle of Man
631,Jennifer,Wallace,jennifer.wallace799@hotmail.com,,Pitcairn Islands
632,Stacy,Gibson,stacy.gibson942@hotmail.com,598-843-6241x862,Niger
633,Brian,Long,brian.long284@hotmail.com,,Oman
634,Roger,Nelson,roger.nelson519@gmail.com,359-350-3428,Croatia
635,Carla,Avila,carla.avila898@yahoo.com,283.903.4199,Aruba
636,Brandon,Davis,brandon.davis250@yahoo.com,4543683565,Greenland
637,Richard,Figueroa,richard.figueroa120@gmail.com,520.596.7904x22711,Sri Lanka
638,Erin,Thomas,ERIN.THOMAS423@HOTMAIL.COM,(688)798-5725,Nigeria
639,Melissa,Jordan,melissa.jordan690@hotmail.com,001-363-939-9129x71024,Bhutan
640,Shawn,Jackson,shawn.jackson588@yahoo.com,(914)695-5112,Lebanon
641,Tiffany,Hines,tiffany.hines754@yahoo.com,+1-721-797-0546x6927,Holy See (Vatican City State)
642,Christopher,Gutierrez,christopher.gutierrez798@yahoo.com,809-303-8021x462,Czech Republic
643,Paul,Ford,paul.ford555@gmail.com,(877)787-1121x663,Bahrain
644,Logan,Davies,logan.davies589@yahoo.com,471.547.0827,Ghana
645,Ashley,Huerta,ashley.huerta591@yahoo.com,,North Macedonia
646,Gregory,Thomas,gregory.thomas882@yahoo.com,(614)476-8342x0165,Congo
647,Michael,Barnes,MICHAEL.BARNES13@YAHOO.COM,+1-526-359-6089,Saint Kitts and Nevis
648,Elizabeth,Jensen,elizabeth.jensen270@yahoo.com,+1-450-927-2751x64807,Northern Mariana Islands
649,Tara,Davis,tara.davis718@gmail.com,001-736-782-9635x3390,Andorra
650,Kevin,Parker,kevin.parker703@gmail.com,001-477-966-5586x851,Japan
651,Nathan,Tran,,+1-366-346-4911,Pakistan
652,Allen,Randolph,allen.randolph915@gmail.com,898.317.8904x6337,Congo
653,  Melissa  ,Sampson,MELISSA.SAMPSON582@YAHOO.COM,566.205.3844x446,United Arab Emirates
654,Regina,Johnson,regina.johnson99@gmail.com,(558)895-5296,Congo
655,Christina,Long,christina.long21@gmail.com,001-862-562-6582,Bolivia
656,Jennifer,Martinez,jennifer.martinez552@gmail.com,+1-496-248-2531x1060,Niger
657,Jasmine,Knapp,jasmine.knapp911@gmail.com,001-660-527-5233,Mauritania
658,Mary,Barber,mary.barber951@yahoo.com,001-440-641-2091x17911,Estonia
659,Patricia,Davis,patricia.davis234@yahoo.com,(836)717-0617x136,North Macedonia
660,Rebekah,Stokes,rebekah.stokes800@gmail.com,202-499-0155x7998,Mali
661,Judy,House,judy.house24@gmail.com,+1-708-408-8235x130,Cyprus
662,Christopher,Holt,christopher.holt407@gmail.com,,El Salvador
663,Gerald,Mcdaniel,gerald.mcdaniel784@hotmail.com,661-799-4237x676,Nigeria
664,Daniel,Reyes,daniel.reyes235@gmail.com,001-855-617-2084,Netherlands
665,Margaret,Newman,margaret.newman680@hotmail.com,(760)712-5625x313,Cameroon
666,Kimberly,Martinez,kimberly.martinez562@yahoo.com,001-505-537-9538x164,Bosnia and Herzegovina
667,Ann,Moran,ann.moran652@hotmail.com,996-965-5330,Aruba
668,Veronica,Fisher,veronica.fisher233@gmail.com,229.959.6390x409,
669,David,Rasmussen,david.rasmussen835@gmail.com,+1-680-650-1716,Ghana
670,Karen,  Ross  ,karen.ross774@hotmail.com,001-557-290-6477x15910,
671,Alex,Garcia,alex.garcia383@yahoo.com,001-363-221-3580x040,Yemen
672,Kevin,Baker,kevin.baker849@hotmail.com,+1-864-922-9712x529,Paraguay
673,David,Rose,david.rose827@hotmail.com,574.357.3144x1583,Belarus
674,Teresa,Brown,teresa.brown71@gmail.com,+1-937-463-7153x98854,Thailand
675,William,Sloan,,(667)398-3631x462,Cameroon
676,Steven,Rodriguez,steven.rodriguez129@gmail.com,707.624.0787,British Indian Ocean Territory (Chagos Archipelago)
677,Sara,Miller,sara.miller320@yahoo.com,,Bolivia
678,Brandon,Reyes,brandon.reyes769@yahoo.com,943.862.9489,Botswana
679,Erin,Lucas,ERIN.LUCAS862@GMAIL.COM,310.609.4318,Czech Republic
680,Nicole,Lyons,NICOLE.LYONS999@YAHOO.COM,(261)334-7323x5494,Colombia
681,Wesley,Graves,wesley.graves214@yahoo.com,001-843-725-1225x7207,Angola
682,Gregory,Baker,gregory.baker960@gmail.com,(909)357-9073,Aruba
683,Lori,Bradley,lori.bradley683@yahoo.com,988.922.1145,Saint Pierre and Miquelon
684,Michael,Gardner,michael.gardner123@hotmail.com,245.470.5458x9714,Isle of Man
685,Melissa,Hopkins,MELISSA.HOPKINS159@GMAIL.COM,(670)939-6531x361,Turkey
686,Alison,Baker,alison.baker778@hotmail.com,(356)896-4430x985,South Africa
687,Spencer,Donaldson,spencer.donaldson239@yahoo.com,910-672-7284x9824,Bahrain
688,Lauren,Smith,LAUREN.SMITH22@GMAIL.COM,749.210.7406,Australia
689,John,Bell,john.bell302@yahoo.com,782.514.2369x14307,Sudan
690,Erika,Hughes,erika.hughes889@yahoo.com,444-594-2965,El Salvador
691,Derek,Spencer,derek.spencer270@yahoo.com,714-797-8266x1287,Lao People's Democratic Republic
692,Michael,Owens,michael.owens635@yahoo.com,708.406.1294x398,Niger
693,Amy,Cunningham,amy.cunningham397@yahoo.com,3622607870,Faroe Islands
694,Maria,Santos,MARIA.SANTOS330@YAHOO.COM,+1-414-997-5019x803,Burkina Faso
695,Jeffrey,Lowe,JEFFREY.LOWE207@GMAIL.COM,340-579-3110x2918,Costa Rica
696,Dale,Johnson,dale.johnson639@hotmail.com,960.314.6723x849,Jersey
697,Dustin,Smith,dustin.smith214@gmail.com,001-732-688-3774x4197,India
698,Paul,Marsh,paul.marsh762@yahoo.com,(962)204-7196x09409,United States of America
699,Rebecca,Estes,REBECCA.ESTES42@YAHOO.COM,001-374-402-5883x5868,Palau
700,Edward,Rios,edward.rios237@hotmail.com,672-444-6176x79298,Qatar
701,Mario,Moses,mario.moses768@yahoo.com,001-396-910-0231,Vietnam
702,Erin,Morris,ERIN.MORRIS438@GMAIL.COM,001-731-226-6109x41017,Uzbekistan
703,Grant,Rodriguez,grant.rodriguez615@yahoo.com,(829)583-3477x4332,Benin
704,Brandi,Soto,brandi.soto783@hotmail.com,330-720-5698,Colombia
705,Faith,Rosario,faith.rosario564@hotmail.com,+1-387-933-9785x5982,Japan
706,Colleen,Sawyer,colleen.sawyer292@hotmail.com,728-241-1730,Czech Republic
707,Lori,Roberts,lori.roberts877@yahoo.com,(851)224-1893x8984,Mayotte
708,Heidi,Rodriguez,HEIDI.RODRIGUEZ585@YAHOO.COM,700-256-4350x238,Dominica
709,Trevor,Shaffer,trevor.shaffer597@hotmail.com,+1-205-316-9918x724,Argentina
710,Tyler,Perez,TYLER.PEREZ80@YAHOO.COM,(274)830-0038x96087,Seychelles
711,Nicholas,Martinez,NICHOLAS.MARTINEZ930@HOTMAIL.COM,(582)317-1955x35603,Namibia
712,Alejandro,Gutierrez,alejandro.gutierrez944@hotmail.com,001-400-630-1027,Aruba
713,Lee,Morrison,lee.morrison233@gmail.com,529-967-1114x8375,Rwanda
714,  Kevin  ,Richardson,KEVIN.RICHARDSON537@HOTMAIL.COM,638-345-8810x5697,Costa Rica
715,Rhonda,Skinner,rhonda.skinner750@hotmail.com,948.931.5203,Zambia
716,Danny,Porter,DANNY.PORTER806@GMAIL.COM,,Kenya
717,Bradley,Harris,bradley.harris88@gmail.com,+1-268-704-0850x95493,Saint Kitts and Nevis
718,Maria,Hamilton,maria.hamilton405@yahoo.com,001-401-886-4876x9984,Lao People's Democratic Republic
719,Julie,Middleton,julie.middleton796@gmail.com,8442138459,Nicaragua
720,Joshua,Adams,JOSHUA.ADAMS196@YAHOO.COM,+1-290-914-9542x7707,Argentina
721,Tammy,Castillo,TAMMY.CASTILLO823@HOTMAIL.COM,360.991.4985,Cocos (Keeling) Islands
722,Jonathan,Buchanan,jonathan.buchanan776@yahoo.com,723.222.9031x0287,Micronesia
723,Jennifer,  Brown  ,jennifer.brown853@hotmail.com,940-358-0935x118,Malawi
724,Chris,Harris,chris.harris215@hotmail.com,(761)964-2059x556,Western Sahara
725,Teresa,Howell,teresa.howell145@gmail.com,(704)529-0193x588,Honduras
726,Mariah,Johnson,mariah.johnson62@hotmail.com,(861)313-9898,
727,Natalie,Yates,natalie.yates398@hotmail.com,588.975.4394x3535,Germany
728,Kaitlin,Wilson,kaitlin.wilson905@gmail.com,965.815.8815x793,Denmark
729,Ashley,Serrano,ASHLEY.SERRANO888@GMAIL.COM,+1-736-392-9445,Belgium
730,Ricky,Wagner,ricky.wagner41@gmail.com,001-673-927-0216,Samoa
731,Craig,Booth,craig.booth361@yahoo.com,4218288665,Qatar
732,Angela,Joseph,,959-499-1015x76764,Saint Martin
733,Isaac,Cannon,ISAAC.CANNON156@HOTMAIL.COM,920-499-5765,Malawi
734,Jennifer,Ramirez,jennifer.ramirez894@gmail.com,847.650.9889,Gibraltar
735,Patrick,Todd,patrick.todd338@gmail.com,7366849951,Chad
736,David,Hill,david.hill142@yahoo.com,324.549.1342,Micronesia
737,Mary,Fischer,MARY.FISCHER149@GMAIL.COM,+1-808-983-0705x349,Mali
738,David,Chavez,david.chavez189@gmail.com,001-517-367-4124x151,Greece
739,Eric,Rogers,eric.rogers422@yahoo.com,+1-581-450-6185x3800,Namibia
740,Nicholas,Hahn,nicholas.hahn193@hotmail.com,547.327.2742,Zambia
741,Zachary,Cummings,ZACHARY.CUMMINGS237@GMAIL.COM,8616789320,Nicaragua
742,Omar,Silva,omar.silva867@hotmail.com,(978)624-3477x695,Bhutan
743,Jeffery,Mccarty,jeffery.mccarty198@yahoo.com,(975)836-1275x15627,Poland
744,Jimmy,Carter,JIMMY.CARTER688@HOTMAIL.COM,960.885.4566,Iran
745,Jorge,Brown,jorge.brown502@yahoo.com,001-735-404-7639x2831,Netherlands
746,Amber,Clements,amber.clements845@gmail.com,(815)558-1083x5832,French Guiana
747,Laurie,  Lozano  ,LAURIE.LOZANO897@YAHOO.COM,(638)630-0081x86702,Anguilla
748,Jerry,Barton,jerry.barton252@gmail.com,3418662411,Angola
749,Alexis,Greer,alexis.greer51@hotmail.com,(219)663-9456,Falkland Islands (Malvinas)
750,Stephen,Garcia,stephen.garcia302@hotmail.com,001-676-946-1368,Finland
751,Rebecca,Ferguson,rebecca.ferguson740@gmail.com,(907)765-8173x9063,Lesotho
752,Anna,Day,anna.day332@yahoo.com,(311)482-3793,Iraq
753,Christina,Wells,christina.wells257@hotmail.com,001-230-774-6452,Portugal
754,Annette,Russell,annette.russell724@gmail.com,338-378-7535x778,Jamaica
755,Holly,Bennett,HOLLY.BENNETT973@GMAIL.COM,(981)423-7106,Niue
756,Linda,Freeman,LINDA.FREEMAN884@HOTMAIL.COM,+1-766-704-1644,Mongolia
757,Debra,Thomas,DEBRA.THOMAS788@HOTMAIL.COM,+1-939-258-9477x35228,
758,Robert,Hernandez,robert.hernandez784@gmail.com,,Nepal
759,Eric,Bell,eric.bell244@hotmail.com,750.834.4694,
760,Jonathan,Weaver,jonathan.weaver904@hotmail.com,,South Georgia and the South Sandwich Islands
761,Alexa,Newman,ALEXA.NEWMAN669@YAHOO.COM,499-494-9732x03319,Chad
762,  Thomas  ,Smith,THOMAS.SMITH90@GMAIL.COM,3285767548,Monaco
763,Phillip,Schroeder,phillip.schroeder610@hotmail.com,954.985.8193x2426,Puerto Rico
764,Kristina,Jennings,kristina.jennings787@hotmail.com,(452)205-7563x98365,Congo
765,Scott,Fox,scott.fox300@gmail.com,001-645-215-4809,Oman
766,Joshua,Mendoza,joshua.mendoza215@gmail.com,001-344-209-0797x727,Heard Island and McDonald Islands
767,Anthony,Shannon,anthony.shannon706@gmail.com,001-622-516-1070x518,Palau
768,Christina,Smith,CHRISTINA.SMITH589@HOTMAIL.COM,329-458-0660x13824,Kenya
769,Bradley,Franklin,bradley.franklin505@hotmail.com,962.304.4851x57919,Brazil
770,Samantha,White,samantha.white477@gmail.com,(359)502-0357,Gambia
771,Mary,May,mary.may342@gmail.com,001-524-606-4242x9563,Turks and Caicos Islands
772,James,Krause,,001-274-817-5955x872,Cape Verde
773,Amanda,Clark,amanda.clark742@hotmail.com,(654)235-8841x83437,Uzbekistan
774,Darius,Barrett,darius.barrett491@gmail.com,227.495.5969x0515,Italy
775,Thomas,Rogers,thomas.rogers550@gmail.com,(954)827-8207,Saint Martin
776,Reginald,Flowers,reginald.flowers579@yahoo.com,001-659-857-6403x8166,Nauru
777,Anthony,Hunt,ANTHONY.HUNT910@YAHOO.COM,+1-983-892-2501x425,Chad
778,Steven,Hopkins,steven.hopkins548@gmail.com,(544)412-3361,Poland
779,Angela,Rowe,angela.rowe723@gmail.com,825.417.8637x6731,Ghana
780,Kathryn,Anderson,kathryn.anderson850@yahoo.com,569-768-1579x0392,Guyana
781,Matthew,Morrow,matthew.morrow936@hotmail.com,+1-761-832-7303x461,Palau
782,Hector,Hernandez,hector.hernandez496@yahoo.com,(370)846-2268x1715,Spain
783,Lindsay,Martin,lindsay.martin961@gmail.com,001-686-870-7660,Eritrea
784,  Judy  ,Wilson,judy.wilson119@yahoo.com,757.658.5126x86120,Congo
785,Zachary,Mendez,,(707)640-1775x09546,Seychelles
786,Lori,Daniels,lori.daniels215@gmail.com,856-507-5409x1508,China
787,Christopher,Davis,christopher.davis153@hotmail.com,(976)245-7938,Belarus
788,Mark,Johnson,mark.johnson563@hotmail.com,001-816-381-5466x0241,South Africa
789,James,Green,,+1-688-230-5973x642,Netherlands
790,Raymond,White,RAYMOND.WHITE393@YAHOO.COM,306-530-6244x795,Czech Republic
791,Andrew,Nguyen,andrew.nguyen717@gmail.com,+1-249-779-6958x678,Guam
792,Luis,Carson,luis.carson81@gmail.com,773.382.6460x917,Cote d'Ivoire
793,Julie,Moreno,julie.moreno480@yahoo.com,857-270-2992x9596,Sao Tome and Principe
794,Teresa,Hawkins,teresa.hawkins148@yahoo.com,568.526.9116,Bouvet Island (Bouvetoya)
795,Ashley,White,ashley.white808@gmail.com,001-868-565-3694x55158,Togo
796,Richard,Sherman,richard.sherman867@yahoo.com,822.864.0857x216,Isle of Man
797,Jacob,Johnson,JACOB.JOHNSON816@GMAIL.COM,(799)581-9960,Chad
798,Ashley,Kennedy,ashley.kennedy245@gmail.com,(909)568-8327x532,Gibraltar
799,David,Brown,david.brown606@gmail.com,997.373.9732,Spain
800,Cassandra,Rivera,cassandra.rivera686@gmail.com,371.800.6876,Eritrea
801,Nicole,Medina,nicole.medina569@hotmail.com,001-898-307-7046x05687,Bosnia and Herzegovina
802,Dustin,Baker,dustin.baker611@hotmail.com,001-912-956-5237x34151,Sao Tome and Principe
803,John,Green,john.green909@yahoo.com,001-675-274-9490x228,Cyprus
804,Nicole,Elliott,NICOLE.ELLIOTT299@HOTMAIL.COM,842-694-7742x2294,Northern Mariana Islands
805,Jeremy,Rosales,jeremy.rosales936@hotmail.com,429-704-5886x7925,Mali
806,  Nicholas  ,Grimes,nicholas.grimes597@yahoo.com,+1-528-472-7601x5343,Fiji
807,Charlotte,  Daniel  ,charlotte.daniel563@gmail.com,+1-335-777-9083x3506,Madagascar
808,Carlos,Tran,carlos.tran32@hotmail.com,001-981-407-9833x4233,Armenia
809,Tiffany,Baker,TIFFANY.BAKER559@YAHOO.COM,531-928-4033,Kyrgyz Republic
810,Corey,Keith,corey.keith428@gmail.com,913-671-7173x18939,
811,Alec,Jordan,alec.jordan739@gmail.com,001-773-999-7046x9472,Malaysia
812,Justin,Brewer,justin.brewer881@yahoo.com,+1-435-948-8471,Albania
813,Luis,Mccann,luis.mccann566@yahoo.com,,Gambia
814,Warren,Flores,warren.flores749@hotmail.com,414.793.9252x3622,Zimbabwe
815,Zachary,Wells,zachary.wells582@hotmail.com,(843)847-4524x55574,Serbia
816,Robert,Gill,robert.gill540@yahoo.com,6656274033,Syrian Arab Republic
817,Nathaniel,Morris,nathaniel.morris91@yahoo.com,988-933-9874x11325,Zambia
818,Teresa,Williams,teresa.williams594@hotmail.com,(773)949-9601x0548,Uzbekistan
819,Justin,Ruiz,justin.ruiz481@hotmail.com,356-922-9493,Ecuador
820,Mark,Payne,mark.payne712@hotmail.com,788-940-2155x732,Denmark
821,Steven,Cook,steven.cook174@hotmail.com,,Andorra
822,Ariel,Forbes,ariel.forbes130@hotmail.com,387-949-5119x18182,New Zealand
823,Debra,Lee,debra.lee15@gmail.com,001-264-877-2512x95786,Morocco
824,Kelly,Hanson,kelly.hanson180@yahoo.com,7039562439,Palau
825,Elizabeth,Carrillo,elizabeth.carrillo87@hotmail.com,(292)432-3421x089,Mauritius
826,Michael,Jones,michael.jones393@yahoo.com,733.242.6433,Burundi
827,Natalie,Blackburn,NATALIE.BLACKBURN658@GMAIL.COM,(307)336-0776x3369,China
828,William,Lane,william.lane972@hotmail.com,523-517-9556,Bermuda
829,Lauren,Ward,lauren.ward892@yahoo.com,617.500.6661x55416,Reunion
830,  Christopher  ,Schneider,christopher.schneider979@yahoo.com,404.950.2329x0282,Serbia
831,Benjamin,Carlson,benjamin.carlson879@gmail.com,001-345-496-2622x8225,Antarctica (the territory South of 60 deg S)
832,Tyler,Torres,tyler.torres692@hotmail.com,(249)850-0507x026,Serbia
833,Carmen,  Fox  ,CARMEN.FOX185@GMAIL.COM,905-831-6117,Togo
834,Rachael,Alexander,rachael.alexander702@hotmail.com,,Brunei Darussalam
835,Jeffrey,Anderson,jeffrey.anderson962@gmail.com,611.464.9133,Saint Lucia
836,Donna,Murphy,donna.murphy89@yahoo.com,+1-298-589-4256x52906,Cocos (Keeling) Islands
837,Alexis,Walters,alexis.walters918@gmail.com,(865)909-7753,Croatia
838,Shawn,Baker,shawn.baker284@yahoo.com,948-355-2457,Paraguay
839,Melissa,Hines,melissa.hines284@yahoo.com,356-308-2137,Mexico
840,Jennifer,Martinez,jennifer.martinez452@yahoo.com,576-781-8268x3230,Malta
841,Carolyn,Hernandez,carolyn.hernandez554@hotmail.com,408.858.3825x21293,Togo
842,James,Williams,,668-567-7524x0148,Uzbekistan
843,Jessica,Wheeler,jessica.wheeler1@gmail.com,8628272362,Nauru
844,James,Flowers,james.flowers528@gmail.com,442.661.9237,Senegal
845,Mark,  Walsh  ,mark.walsh72@hotmail.com,381-797-3741x8972,Turkey
846,Joseph,Travis,joseph.travis958@yahoo.com,717-569-2743x811,Trinidad and Tobago
847,Melissa,Simpson,MELISSA.SIMPSON375@HOTMAIL.COM,(360)914-4485x64510,Ecuador
848,Brenda,Walker,brenda.walker181@yahoo.com,+1-341-378-9969x86091,British Indian Ocean Territory (Chagos Archipelago)
849,Tammy,Allen,tammy.allen706@hotmail.com,+1-596-460-5779x80660,Anguilla
850,Crystal,Murphy,crystal.murphy738@yahoo.com,(407)545-5534x70574,Moldova
851,Kelli,Kelley,kelli.kelley989@yahoo.com,001-365-327-1559x8354,Northern Mariana Islands
852,Richard,Howell,richard.howell44@hotmail.com,(463)447-5575,Gibraltar
853,Allen,Lopez,allen.lopez550@yahoo.com,684.488.2691x31196,Saint Barthelemy
854,Matthew,Gomez,matthew.gomez483@gmail.com,,Lithuania
855,Jeffrey,Neal,jeffrey.neal927@gmail.com,937.932.0430,Israel
856,Angela,Murillo,angela.murillo109@gmail.com,(728)796-9645x46553,Belarus
857,Susan,Taylor,susan.taylor856@hotmail.com,389.521.8785,Saint Helena
858,Michael,Park,MICHAEL.PARK857@HOTMAIL.COM,874.390.7977,Zimbabwe
859,Wendy,Johnson,wendy.johnson776@yahoo.com,+1-605-272-1514,Rwanda
860,Carla,Jordan,carla.jordan103@gmail.com,(737)248-4539x8628,New Zealand
861,Brian,Webster,brian.webster8@hotmail.com,419-418-6233,Antarctica (the territory South of 60 deg S)
862,Debra,Simpson,DEBRA.SIMPSON792@GMAIL.COM,711-469-6667x25214,Russian Federation
863,Russell,  King  ,RUSSELL.KING179@GMAIL.COM,(346)633-5157,Angola
864,Natasha,Brown,natasha.brown802@hotmail.com,8516208005,Antarctica (the territory South of 60 deg S)
865,Lauren,Carroll,lauren.carroll634@yahoo.com,323-497-2835,Netherlands Antilles
866,Neil,Thompson,NEIL.THOMPSON284@YAHOO.COM,001-328-727-0908x144,Pitcairn Islands
867,Henry,  Stone  ,henry.stone164@gmail.com,739.529.5786x7181,Haiti
868,Donald,Horne,DONALD.HORNE825@YAHOO.COM,360.750.7918,United States Minor Outlying Islands
869,Alison,Andrews,alison.andrews30@hotmail.com,368.934.5273x46666,Anguilla
870,Travis,Morris,travis.morris204@yahoo.com,+1-464-774-0803x149,Saint Vincent and the Grenadines
871,Brandon,Johnson,brandon.johnson423@yahoo.com,(335)980-6882x8503,Zambia
872,Jacob,Walker,JACOB.WALKER149@YAHOO.COM,537-339-9006,Uzbekistan
873,Kelly,Strong,KELLY.STRONG368@HOTMAIL.COM,626-535-6022x93946,Wallis and Futuna
874,Natasha,Doyle,natasha.doyle873@yahoo.com,(406)566-4374x90607,Barbados
875,Dana,Wilson,DANA.WILSON814@YAHOO.COM,628-652-4648,Togo
876,Ashley,Rodriguez,ashley.rodriguez878@gmail.com,(531)287-3280x7711,
877,Paul,Miller,paul.miller439@hotmail.com,236-595-7279,Seychelles
878,Jason,Stewart,jason.stewart153@hotmail.com,8258425730,Cape Verde
879,  Stacey  ,Wagner,stacey.wagner517@gmail.com,(635)470-7139,Cambodia
880,Amy,Stewart,amy.stewart247@gmail.com,+1-216-888-0925x50213,Afghanistan
881,Anna,Cervantes,anna.cervantes245@hotmail.com,830-698-1079,Poland
882,Christina,Cole,christina.cole766@hotmail.com,779.545.7727,Cambodia
883,Justin,Simon,justin.simon893@yahoo.com,825-406-4207x683,Tajikistan
884,Courtney,Clark,courtney.clark341@yahoo.com,(567)577-6755x56283,Rwanda
885,James,Lee,james.lee213@hotmail.com,+1-995-678-6543x62718,United Kingdom
886,Marissa,Hampton,marissa.hampton691@hotmail.com,,Faroe Islands
887,Tonya,Becker,tonya.becker664@gmail.com,+1-269-332-6573x2759,Solomon Islands
888,Cameron,Smith,cameron.smith117@gmail.com,915-753-2341x59597,Romania
889,Gregory,Turner,gregory.turner780@hotmail.com,(922)661-8962,Portugal
890,Melanie,Wright,melanie.wright354@gmail.com,+1-927-410-2676x72095,Kiribati
891,Patricia,Waller,patricia.waller922@hotmail.com,001-655-815-1229,United States Virgin Islands
892,Edward,Haney,EDWARD.HANEY68@HOTMAIL.COM,854.415.9709,Haiti
893,Melissa,Lee,melissa.lee79@yahoo.com,907.352.0344x76504,Grenada
894,  Andrea  ,Anderson,andrea.anderson643@hotmail.com,2906463766,Qatar
895,Nicholas,Richardson,NICHOLAS.RICHARDSON756@HOTMAIL.COM,(765)325-4837x44171,Angola
896,Lisa,Drake,lisa.drake661@gmail.com,312.251.2931,Saint Kitts and Nevis
897,Alexander,Roman,alexander.roman543@hotmail.com,429-575-1910,Uruguay
898,Julie,Miller,julie.miller267@gmail.com,001-910-563-3016x583,Russian Federation
899,Vanessa,Jacobs,vanessa.jacobs980@gmail.com,549.307.2801x2342,Reunion
900,Kathleen,Lopez,KATHLEEN.LOPEZ710@YAHOO.COM,001-532-269-4968x43645,Palau
901,Pamela,Sutton,pamela.sutton452@yahoo.com,001-721-701-7509x61701,Qatar
902,Erin,Gregory,erin.gregory382@gmail.com,,Mayotte
903,Yvette,Lee,,(905)967-7567,Cape Verde
904,Douglas,Christensen,douglas.christensen340@yahoo.com,4254626506,Nauru
905,Sophia,Robinson,sophia.robinson683@gmail.com,(572)545-3076x2484,Libyan Arab Jamahiriya
906,  Catherine  ,Porter,,(670)451-1579,Dominica
907,April,Snyder,april.snyder366@gmail.com,(670)742-5496x91928,Saint Kitts and Nevis
908,Nathaniel,Barker,nathaniel.barker285@gmail.com,(797)910-7563x353,Solomon Islands
909,Juan,Peterson,juan.peterson404@yahoo.com,001-932-259-3993x379,Germany
910,William,Davis,,+1-651-487-7941x763,Haiti
911,Melanie,Brown,melanie.brown457@gmail.com,705.959.7824,Germany
912,Cassandra,Herrera,cassandra.herrera296@hotmail.com,699.514.0388,Somalia
913,Nicholas,Haynes,nicholas.haynes613@gmail.com,843-424-0061x5727,Nepal
914,Sean,Edwards,SEAN.EDWARDS984@YAHOO.COM,243.797.4292x501,Micronesia
915,Thomas,Thomas,THOMAS.THOMAS474@HOTMAIL.COM,(280)265-6259x0459,Saint Kitts and Nevis
916,Jennifer,Anderson,jennifer.anderson44@gmail.com,722-718-2315,Belgium
917,  Robert  ,Potter,robert.potter811@yahoo.com,(680)586-6281x3721,Dominican Republic
918,Brian,Vega,brian.vega915@gmail.com,,Iceland
919,Katelyn,Santiago,katelyn.santiago505@gmail.com,947.206.8103x90339,Guernsey
920,Jacqueline,Perkins,jacqueline.perkins644@yahoo.com,426.532.8094x48586,
921,Cathy,Cook,cathy.cook266@yahoo.com,361-247-0798x632,Iceland
922,Linda,Newton,linda.newton280@gmail.com,594.639.4570,Cuba
923,William,Collins,WILLIAM.COLLINS79@GMAIL.COM,(453)976-5769,Lesotho
924,Ann,Mitchell,ann.mitchell894@hotmail.com,619.210.0900,Gabon
925,Sean,Daniel,SEAN.DANIEL548@GMAIL.COM,805-233-6514,French Southern Territories
926,Kaylee,Roach,kaylee.roach349@yahoo.com,(347)331-0720,Saint Kitts and Nevis
927,Jimmy,Kane,jimmy.kane573@hotmail.com,001-884-240-9712x316,Argentina
928,Tyler,Rivas,TYLER.RIVAS117@YAHOO.COM,,Paraguay
929,Joseph,Wiggins,joseph.wiggins708@gmail.com,001-370-709-6873x045,Korea
930,Lori,Stephens,LORI.STEPHENS727@YAHOO.COM,+1-658-482-5562x96575,Suriname
931,Emily,Preston,EMILY.PRESTON315@HOTMAIL.COM,+1-765-961-9425,Korea
932,Karen,Hensley,KAREN.HENSLEY794@GMAIL.COM,4585295829,Sweden
933,Heather,Miller,HEATHER.MILLER481@YAHOO.COM,488-508-1904,Poland
934,Jenna,Rogers,jenna.rogers943@gmail.com,,Uganda
935,Laura,Wagner,laura.wagner765@gmail.com,221.643.6438x1300,British Indian Ocean Territory (Chagos Archipelago)
936,Jamie,Carey,jamie.carey248@hotmail.com,614-771-6560,Iceland
937,Nicholas,Torres,nicholas.torres988@hotmail.com,001-779-290-7075,Equatorial Guinea
938,Jackie,Callahan,jackie.callahan517@yahoo.com,001-681-369-9570x60717,Belize
939,John,Rivas,john.rivas855@hotmail.com,676-953-9705,Cuba
940,Christina,Davis,christina.davis127@hotmail.com,(690)887-1827,Spain
941,Sara,Valdez,sara.valdez85@gmail.com,791-887-2742x049,Bouvet Island (Bouvetoya)
942,Gloria,Schmitt,gloria.schmitt455@gmail.com,677.430.6260,Czech Republic
943,Matthew,Vega,MATTHEW.VEGA822@YAHOO.COM,271.912.2299,Luxembourg
944,Michael,Hale,MICHAEL.HALE449@GMAIL.COM,001-385-381-6704x686,Benin
945,Jose,Fry,JOSE.FRY760@YAHOO.COM,768.632.1021x9237,Lesotho
946,Carl,Tyler,carl.tyler414@gmail.com,001-461-880-3324,Algeria
947,Nathan,Dixon,nathan.dixon280@gmail.com,584-998-0425,Spain
948,Jason,Beck,jason.beck497@yahoo.com,931.326.8812x2821,Mongolia
949,Fred,Sims,FRED.SIMS966@YAHOO.COM,+1-853-946-0605x6035,New Caledonia
950,Mary,Walker,mary.walker392@gmail.com,298.862.3984x7169,Bahrain
951,Anna,Bush,anna.bush533@gmail.com,001-905-846-4754x89547,Saudi Arabia
952,Monica,Barker,MONICA.BARKER352@HOTMAIL.COM,+1-799-392-7517,El Salvador
953,Crystal,Villa,crystal.villa122@yahoo.com,,Estonia
954,Carla,Santiago,CARLA.SANTIAGO882@GMAIL.COM,001-392-643-5885x37982,Northern Mariana Islands
955,John,George,john.george783@hotmail.com,327-653-6749x78524,British Virgin Islands
956,Tammy,Li,tammy.li875@yahoo.com,8135477894,Ethiopia
957,Brent,Patterson,BRENT.PATTERSON785@YAHOO.COM,+1-217-366-5122x150,Fiji
958,Daniel,Nichols,daniel.nichols760@gmail.com,663-609-0015,Jersey
959,John,Robinson,john.robinson422@hotmail.com,001-748-553-2089,Chile
960,Linda,Bryan,LINDA.BRYAN68@GMAIL.COM,,Egypt
961,Megan,Walker,megan.walker433@yahoo.com,+1-822-934-1034x699,Croatia
962,Jesse,Boone,JESSE.BOONE387@YAHOO.COM,001-877-726-9608x437,Gibraltar
963,Andrew,Romero,andrew.romero509@yahoo.com,793.752.1962x633,Iraq
964,Joshua,Espinoza,JOSHUA.ESPINOZA509@GMAIL.COM,(897)209-3170x6955,Liechtenstein
965,Samuel,Griffin,samuel.griffin305@yahoo.com,464-453-4547,Cyprus
966,Melissa,Newman,melissa.newman98@hotmail.com,330.665.0312x19804,Korea
967,Edward,Thomas,edward.thomas79@yahoo.com,423-664-2813x190,Mexico
968,Thomas,Henderson,thomas.henderson412@gmail.com,303.991.1142,Micronesia
969,Kathleen,Cummings,kathleen.cummings529@gmail.com,+1-223-805-2480,Burkina Faso
970,Gary,Harrison,gary.harrison960@gmail.com,395.594.7372,Central African Republic
971,Danielle,Webster,DANIELLE.WEBSTER62@GMAIL.COM,(720)847-8768x8687,Sao Tome and Principe
972,John,Giles,john.giles446@gmail.com,672.703.1954x19666,Anguilla
973,Leonard,Gonzalez,leonard.gonzalez294@gmail.com,462.279.2463,United Arab Emirates
974,Jeremy,Gonzales,jeremy.gonzales252@yahoo.com,(777)253-7260x3214,Guernsey
975,Steven,Hughes,steven.hughes207@hotmail.com,(619)445-8870x71553,Algeria
976,  Victoria  ,Thomas,victoria.thomas873@hotmail.com,+1-940-808-3850,Grenada
977,Lauren,Stevens,lauren.stevens306@hotmail.com,345-408-9177x68089,Venezuela
978,Mallory,Rivera,mallory.rivera966@hotmail.com,242.623.1964x630,American Samoa
979,Stephanie,Lee,stephanie.lee681@hotmail.com,362.468.9430,Togo
980,Benjamin,Acosta,benjamin.acosta126@gmail.com,772.971.1759,Zimbabwe
981,Sue,Ray,SUE.RAY958@HOTMAIL.COM,001-955-682-9849x3306,Greenland
982,Shelby,Turner,shelby.turner604@hotmail.com,(309)744-1283x3372,Isle of Man
983,Julia,Barnes,julia.barnes253@yahoo.com,813-929-7150x6662,Antarctica (the territory South of 60 deg S)
984,Matthew,Wood,MATTHEW.WOOD22@YAHOO.COM,677.569.3663,New Zealand
985,Linda,Rogers,linda.rogers940@hotmail.com,296-211-1102x86712,Latvia
986,Gregory,Anderson,gregory.anderson832@yahoo.com,,Somalia
987,George,Myers,GEORGE.MYERS950@YAHOO.COM,449-349-8194,Kyrgyz Republic
988,Catherine,Green,catherine.green912@hotmail.com,001-681-679-3406x52775,Palau
989,Janice,Morales,janice.morales281@gmail.com,353-937-2201x0912,Brunei Darussalam
990,Edward,Jones,EDWARD.JONES735@YAHOO.COM,001-959-237-6618x943,Haiti
991,Eric,Lee,eric.lee431@gmail.com,,Suriname
992,Mark,Levy,,+1-559-920-2461x75202,Fiji
993,Rebecca,Le,rebecca.le590@yahoo.com,9055595501,Croatia
994,Dylan,Becker,dylan.becker868@hotmail.com,001-684-986-8999x3607,Aruba
995,Justin,Smith,justin.smith178@hotmail.com,+1-617-267-9935x9374,Svalbard & Jan Mayen Islands
996,Jerome,Strong,,,Mauritania
997,Lisa,Payne,lisa.payne627@yahoo.com,6843907938,Timor-Leste
998,Jimmy,Hays,JIMMY.HAYS411@HOTMAIL.COM,001-452-683-0615x3701,Chile
999,Diane,Powers,diane.powers15@yahoo.com,(363)325-1448,Cape Verde
1000,Morgan,Farrell,morgan.farrell731@gmail.com,914.321.7518,Liberia
1001,Elizabeth,Ramirez,elizabeth.ramirez442@gmail.com,(415)426-3840x911,Guam
1002,Ethan,  Ochoa  ,ethan.ochoa419@hotmail.com,875.505.6618,Chad
1003,James,Walsh,JAMES.WALSH597@HOTMAIL.COM,001-513-278-7655x3007,Montserrat
1004,Michael,Huerta,michael.huerta704@yahoo.com,+1-456-905-7121x9881,Lithuania
1005,Angela,Arnold,angela.arnold54@yahoo.com,290-353-4864,Azerbaijan
1006,Sheila,Ortega,SHEILA.ORTEGA613@GMAIL.COM,001-646-624-5618x517,Ireland
1007,Andrew,Zavala,andrew.zavala688@yahoo.com,(312)689-9151,Seychelles
1008,Matthew,Beasley,MATTHEW.BEASLEY953@GMAIL.COM,001-339-613-0448,United States of America
1009,  Andrea  ,Evans,andrea.evans321@yahoo.com,001-904-261-5402x11901,Latvia
1010,Lisa,Sullivan,lisa.sullivan290@gmail.com,929-583-1522x910,Saint Lucia
1011,Jean,Jackson,jean.jackson169@hotmail.com,836.508.4937x83063,Sweden
1012,Allison,Cooper,ALLISON.COOPER818@YAHOO.COM,001-669-944-3916,Afghanistan
1013,Tiffany,Sullivan,tiffany.sullivan479@gmail.com,001-342-892-9132x0330,Burkina Faso
1014,Tammy,Hill,tammy.hill497@gmail.com,001-903-410-6153,Cameroon
1015,Jennifer,Floyd,jennifer.floyd291@yahoo.com,966-684-7323x65337,Jordan
1016,Brandon,  Smith  ,brandon.smith598@yahoo.com,(600)478-4361,Finland
1017,Joshua,Simmons,JOSHUA.SIMMONS511@GMAIL.COM,681.497.5437x3476,Lesotho
1018,Jeffrey,Conway,,001-637-663-8821x45841,San Marino
1019,Richard,Brown,,944.238.9982,Canada
1020,Susan,Murphy,susan.murphy974@hotmail.com,001-586-895-0732x14644,Paraguay
1021,  Meagan  ,Guzman,meagan.guzman884@hotmail.com,(516)779-3350x557,Lithuania
1022,Jeremy,Bernard,jeremy.bernard391@gmail.com,001-311-392-3603x768,Pitcairn Islands
1023,Veronica,Dunn,veronica.dunn214@hotmail.com,(833)335-1040,Fiji
1024,Dawn,Wu,dawn.wu503@gmail.com,553-291-1498,Lebanon
1025,Hannah,Weaver,hannah.weaver99@hotmail.com,001-807-736-5118x93940,Vietnam
1026,Michael,Chavez,michael.chavez434@hotmail.com,(501)290-4322,Saint Martin
1027,Harry,Wilcox,harry.wilcox526@gmail.com,(347)507-3920,Haiti
1028,Courtney,Beard,courtney.beard645@yahoo.com,+1-362-312-7602x50826,Serbia
1029,Eric,Jones,eric.jones131@yahoo.com,763-924-8889,Cayman Islands
1030,  Maria  ,Wheeler,maria.wheeler940@hotmail.com,001-637-562-9745,Vanuatu
1031,Jessica,Ingram,,464.268.7191,Denmark
1032,Jillian,Ferguson,JILLIAN.FERGUSON806@GMAIL.COM,+1-576-492-0828,Dominican Republic
1033,Rebecca,Romero,rebecca.romero466@hotmail.com,+1-313-688-1588,Eritrea
1034,Martin,Taylor,martin.taylor217@gmail.com,9673323182,Jamaica
1035,Jennifer,  Payne  ,jennifer.payne6@hotmail.com,001-457-324-5000x00015,Belize
1036,Hailey,Castillo,hailey.castillo763@gmail.com,685.609.0255x618,Eritrea
1037,Erik,Gardner,ERIK.GARDNER707@GMAIL.COM,+1-298-774-7812x248,Hong Kong
1038,Taylor,Hunter,taylor.hunter713@yahoo.com,7093004365,Guyana
1039,Jennifer,Hill,JENNIFER.HILL642@GMAIL.COM,(769)613-6248x3550,Swaziland
1040,George,Ray,george.ray120@hotmail.com,9807706336,Solomon Islands
1041,Yolanda,Barton,yolanda.barton600@hotmail.com,222.610.4016x48188,Niue
1042,Jessica,Hayden,jessica.hayden868@hotmail.com,(387)873-8363,Ethiopia
1043,  John  ,Nunez,john.nunez298@gmail.com,001-569-842-8946x420,Saudi Arabia
1044,Jennifer,Richardson,jennifer.richardson889@hotmail.com,763.614.4170x64625,Tonga
1045,Morgan,Lopez,MORGAN.LOPEZ915@GMAIL.COM,001-655-682-4301x7646,Malaysia
1046,  Barbara  ,Briggs,BARBARA.BRIGGS447@HOTMAIL.COM,6317538882,Saint Kitts and Nevis
1047,Teresa,Owens,teresa.owens931@hotmail.com,5507404333,Congo
1048,Maria,Scott,maria.scott741@yahoo.com,001-316-232-1119x787,New Caledonia
1049,Theresa,Allen,theresa.allen819@gmail.com,+1-937-732-6530x6011,Iceland
1050,Cody,Yu,CODY.YU178@YAHOO.COM,001-488-200-2300x91561,Ecuador
1051,Haley,Cook,haley.cook215@hotmail.com,001-774-449-1609x365,Turks and Caicos Islands
1052,Brian,  Collins  ,BRIAN.COLLINS881@GMAIL.COM,889-941-8433,Guam
1053,Mary,Willis,mary.willis230@yahoo.com,522.939.9821,Falkland Islands (Malvinas)
1054,Matthew,Barnes,matthew.barnes918@gmail.com,904-828-8605x053,Japan
1055,Ryan,Gibbs,ryan.gibbs449@gmail.com,311.226.0030x83566,Hungary
1056,Eric,Bryant,ERIC.BRYANT879@YAHOO.COM,001-831-323-4550x6882,Libyan Arab Jamahiriya
1057,Connie,Washington,connie.washington933@hotmail.com,+1-929-538-4401x3480,Guam
1058,Kenneth,Woods,KENNETH.WOODS158@HOTMAIL.COM,+1-382-260-3359,Bosnia and Herzegovina
1059,  Elizabeth  ,Hayes,elizabeth.hayes788@hotmail.com,6904859914,Vietnam
1060,Alfred,Cowan,alfred.cowan733@yahoo.com,001-826-699-9699,Switzerland
1061,Angela,Jacobs,angela.jacobs234@hotmail.com,001-771-384-2859x6932,French Polynesia
1062,Andrew,  Mason  ,,001-493-823-1234,Iraq
1063,Anne,Yu,anne.yu87@gmail.com,(690)587-2617x60723,Mali
1064,Catherine,Nguyen,CATHERINE.NGUYEN945@HOTMAIL.COM,+1-453-882-8040x561,Guam
1065,Anthony,Ballard,anthony.ballard533@gmail.com,(895)382-6418x6965,Uzbekistan
1066,Maria,  Smith  ,maria.smith322@yahoo.com,(412)538-5951x43468,Namibia
1067,Laura,Collins,laura.collins457@hotmail.com,800-327-3008x696,Azerbaijan
1068,Darryl,Petty,DARRYL.PETTY832@YAHOO.COM,,French Polynesia
1069,Crystal,Jones,crystal.jones743@hotmail.com,607-662-8397x62053,Andorra
1070,Paula,Alexander,,362-907-2662x9250,Saint Kitts and Nevis
1071,Colleen,Wells,colleen.wells248@yahoo.com,6293914068,Congo
1072,James,Chavez,JAMES.CHAVEZ266@GMAIL.COM,(355)923-5617,Algeria
1073,  Jamie  ,Ferrell,jamie.ferrell755@gmail.com,+1-911-992-0613x63852,Mayotte
1074,Ashley,Cooper,ashley.cooper961@gmail.com,237.418.4449,Tonga
1075,Beth,Williams,beth.williams733@yahoo.com,880-916-4403x7341,Martinique
1076,Daniel,Thomas,DANIEL.THOMAS198@YAHOO.COM,001-378-522-1021x7982,Eritrea
1077,April,Beltran,april.beltran64@gmail.com,001-585-379-7363,Thailand
1078,Zachary,Stephens,zachary.stephens573@yahoo.com,(905)239-7079x86617,Iraq
1079,Michelle,Crawford,michelle.crawford954@yahoo.com,420.350.6821x22355,India
1080,Erika,Keller,erika.keller469@gmail.com,001-458-771-4692x18219,Montenegro
1081,Raymond,Bryant,raymond.bryant765@hotmail.com,6892843699,Zambia
1082,Eric,  Mcclain  ,ERIC.MCCLAIN379@GMAIL.COM,309-338-6948x42495,Finland
1083,  Michael  ,Garrett,michael.garrett498@hotmail.com,507.415.2386x767,Anguilla
1084,Sarah,Hayes,sarah.hayes291@yahoo.com,001-819-917-7987x68299,Saint Barthelemy
1085,Megan,Hood,megan.hood428@gmail.com,289-637-0858x06235,Turks and Caicos Islands
1086,Anthony,Kline,anthony.kline854@yahoo.com,001-766-795-7900x12482,Ethiopia
1087,John,Villa,john.villa888@yahoo.com,696.832.5942x328,Switzerland
1088,Michelle,Cline,michelle.cline348@gmail.com,+1-491-756-2415,Saint Helena
1089,  Veronica  ,Webb,veronica.webb725@yahoo.com,(529)326-9335x8951,Monaco
1090,Jennifer,Wood,jennifer.wood88@gmail.com,+1-578-246-8509x5744,Congo
1091,Kristopher,  Hanson  ,kristopher.hanson488@hotmail.com,691.217.9720x38593,Benin
1092,Mary,Clark,mary.clark211@yahoo.com,554-471-5531,Haiti
1093,Christine,Lewis,christine.lewis412@yahoo.com,681.336.7500x9421,Argentina
1094,Kimberly,Thompson,KIMBERLY.THOMPSON541@YAHOO.COM,+1-681-798-7809x270,Bulgaria
1095,Jimmy,Palmer,jimmy.palmer262@hotmail.com,001-956-922-5866x05986,Fiji
1096,  Kenneth  ,Jackson,kenneth.jackson186@yahoo.com,001-658-454-8596x559,Macao
1097,David,Rubio,DAVID.RUBIO385@GMAIL.COM,665-702-0002,Northern Mariana Islands
1098,Jerome,Holland,JEROME.HOLLAND521@GMAIL.COM,732-715-5130,Liberia
1099,  Arthur  ,Harris,,(982)414-4488x96699,Luxembourg
1100,Sylvia,Vaughn,sylvia.vaughn104@gmail.com,(377)546-2025x82543,Sri Lanka
1101,Lisa,Zimmerman,LISA.ZIMMERMAN652@GMAIL.COM,001-823-212-3920x4910,Turks and Caicos Islands
1102,Christopher,Sanchez,,923.487.5082x7681,Solomon Islands
1103,Henry,Bell,HENRY.BELL297@YAHOO.COM,345-984-7262x90529,Hong Kong
1104,Rachel,Spencer,rachel.spencer697@hotmail.com,360-982-7172,Poland
1105,Jason,Ramos,JASON.RAMOS757@HOTMAIL.COM,001-539-892-0522x2999,Turkmenistan
1106,George,Garcia,george.garcia287@yahoo.com,591-743-8823x25539,Moldova
1107,Sheila,Adams,sheila.adams651@gmail.com,977.332.6430x9544,Cocos (Keeling) Islands
1108,Patricia,Munoz,patricia.munoz471@hotmail.com,902.992.7120x539,Saint Helena
1109,Daniel,Henry,daniel.henry5@yahoo.com,(498)783-2201,Indonesia
1110,Jessica,Barber,jessica.barber552@gmail.com,+1-932-900-4879,Guernsey
1111,Frances,Steele,frances.steele456@hotmail.com,001-658-652-3860x030,Dominica
1112,Sandra,Brewer,SANDRA.BREWER787@HOTMAIL.COM,001-351-271-5239,
1113,  Edward  ,Ray,edward.ray761@hotmail.com,001-550-214-3748,New Zealand
1114,Madeline,Buck,madeline.buck311@hotmail.com,,Cayman Islands
1115,David,Mcdaniel,DAVID.MCDANIEL721@HOTMAIL.COM,367.420.1911x166,United States Minor Outlying Islands
1116,Henry,Martinez,HENRY.MARTINEZ583@HOTMAIL.COM,5722587339,French Polynesia
1117,Ashley,Reynolds,ASHLEY.REYNOLDS180@YAHOO.COM,680.427.4812,Bolivia
1118,Christopher,Johnson,,+1-268-525-0952x29462,Reunion
1119,Melanie,Vang,melanie.vang630@yahoo.com,001-561-903-9952x9701,British Indian Ocean Territory (Chagos Archipelago)
1120,Donald,Lee,donald.lee54@yahoo.com,+1-658-356-4230,Tuvalu
1121,Julia,Moore,julia.moore508@gmail.com,406.215.9273x8740,Kenya
1122,Jennifer,Maynard,jennifer.maynard460@yahoo.com,(290)563-2248x15542,Reunion
1123,Jennifer,Mitchell,JENNIFER.MITCHELL232@GMAIL.COM,7108956797,Uganda
1124,Kristin,  Dean  ,,695.954.6234x712,Jordan
1125,Aaron,Williams,aaron.williams861@gmail.com,001-318-910-3068x31764,Central African Republic
1126,Rodney,Williams,rodney.williams814@gmail.com,215.871.2901x50713,Korea
1127,Cristian,Brown,CRISTIAN.BROWN128@HOTMAIL.COM,651.504.5847,Spain
1128,Richard,Wilson,RICHARD.WILSON131@GMAIL.COM,9098625885,Romania
1129,Ruben,King,ruben.king58@gmail.com,418.905.3396,Uzbekistan
1130,Jonathan,Kim,jonathan.kim614@yahoo.com,(821)859-1832x70004,Jamaica
1131,Craig,Hanna,craig.hanna104@hotmail.com,001-301-610-7977,Argentina
1132,  Andrew  ,Rios,andrew.rios106@hotmail.com,588.319.4905,Ghana
1133,Kristen,Williams,kristen.williams522@hotmail.com,+1-380-594-9769x873,Kyrgyz Republic
1134,Brittany,Jennings,brittany.jennings62@yahoo.com,(998)941-6612x3740,Montserrat
1135,Joseph,Hall,joseph.hall555@gmail.com,001-256-323-8994x99197,
1136,Lynn,Baker,lynn.baker601@yahoo.com,+1-420-237-0878x21160,Norfolk Island
1137,Linda,Burton,linda.burton353@gmail.com,+1-913-459-9898,Ukraine
1138,Daniel,Daugherty,daniel.daugherty712@gmail.com,001-488-494-8018x6448,Senegal
1139,David,Arroyo,david.arroyo307@yahoo.com,,Lebanon
1140,Luke,Estrada,luke.estrada4@gmail.com,469.914.9611,Peru
1141,Lisa,Nelson,lisa.nelson835@gmail.com,+1-768-582-7697x040,Rwanda
1142,David,Conway,DAVID.CONWAY76@GMAIL.COM,001-461-956-0783,Finland
1143,  Emily  ,  Stokes  ,EMILY.STOKES369@HOTMAIL.COM,+1-435-665-1796,Northern Mariana Islands
1144,Brandon,Jacobs,BRANDON.JACOBS348@YAHOO.COM,001-949-666-8349x604,Canada
1145,Calvin,Smith,calvin.smith852@hotmail.com,516-622-5936x48820,Martinique
1146,Ricardo,Horton,RICARDO.HORTON246@GMAIL.COM,+1-306-824-6728x799,Angola
1147,Cindy,Brown,CINDY.BROWN445@YAHOO.COM,831-393-5923,Djibouti
1148,Jason,Cortez,jason.cortez388@gmail.com,623-604-5881x65025,Lithuania
1149,Duane,Martinez,duane.martinez602@gmail.com,(450)634-4096x61771,Nepal
1150,Amanda,Mullins,amanda.mullins894@hotmail.com,6883067821,Kenya
1151,Joseph,Black,joseph.black810@gmail.com,559.826.6486,Qatar
1152,Christine,Alexander,christine.alexander511@hotmail.com,(494)415-5945x0119,Azerbaijan
1153,Megan,Norman,megan.norman486@yahoo.com,,Syrian Arab Republic
1154,Caitlin,Mullins,caitlin.mullins208@hotmail.com,(236)853-6218x9455,Libyan Arab Jamahiriya
1155,Adrian,Johnson,ADRIAN.JOHNSON863@HOTMAIL.COM,+1-694-824-8942x0466,Jersey
1156,  Tyler  ,Williams,tyler.williams598@yahoo.com,920-645-6577x580,Seychelles
1157,Luis,Walker,LUIS.WALKER510@HOTMAIL.COM,+1-706-623-5466x226,Austria
1158,Daniel,Chen,daniel.chen85@hotmail.com,+1-453-900-6221x224,Japan
1159,Tamara,  Mendoza  ,tamara.mendoza122@hotmail.com,346.325.9160x1124,Holy See (Vatican City State)
1160,Renee,Christian,RENEE.CHRISTIAN836@YAHOO.COM,+1-886-900-8017,Rwanda
1161,Troy,Hansen,TROY.HANSEN734@GMAIL.COM,429-895-7047,Somalia
1162,Jose,Martin,,921-720-3843,Denmark
1163,Russell,Horton,russell.horton975@hotmail.com,(380)578-5254x8242,Macao
1164,Mark,King,mark.king805@yahoo.com,4065445475,Tanzania
1165,Nicole,Rodriguez,nicole.rodriguez440@gmail.com,(974)889-7917,Serbia
1166,Jamie,Beck,jamie.beck592@hotmail.com,+1-227-220-3886x2175,Spain
1167,Melanie,Lawson,melanie.lawson231@yahoo.com,704.453.0693,Ethiopia
1168,Claudia,  Perez  ,CLAUDIA.PEREZ24@GMAIL.COM,800-718-1677x8481,China
1169,Joshua,King,joshua.king819@hotmail.com,(544)960-8385x179,Romania
1170,Kristen,Rodriguez,kristen.rodriguez548@hotmail.com,+1-853-491-2878x84869,Turks and Caicos Islands
1171,Olivia,Vaughn,OLIVIA.VAUGHN176@GMAIL.COM,257-392-7147x2463,Tokelau
1172,Jessica,George,jessica.george72@hotmail.com,(542)342-3839x7283,Canada
1173,Theresa,Galloway,theresa.galloway378@hotmail.com,+1-270-562-9328,Chad
1174,Dustin,Williams,dustin.williams550@gmail.com,9238200186,Hong Kong
1175,Danny,Kent,danny.kent318@hotmail.com,+1-398-676-1081x4356,Bahamas
1176,Samantha,Young,samantha.young515@hotmail.com,753-619-8074x6823,Ireland
1177,Michelle,Chapman,michelle.chapman620@hotmail.com,700-630-7620,Western Sahara
1178,Mark,Harmon,mark.harmon755@yahoo.com,215.800.6666x411,United States Virgin Islands
1179,Nathan,Dillon,NATHAN.DILLON401@HOTMAIL.COM,634-907-8516,Armenia
1180,Alexandra,Smith,alexandra.smith469@hotmail.com,001-836-468-3482x68999,Iceland
1181,Catherine,Glover,catherine.glover907@hotmail.com,986.388.8917,Haiti
1182,Anthony,Pratt,anthony.pratt740@yahoo.com,(557)419-7609,Angola
1183,Sherry,Anderson,sherry.anderson774@hotmail.com,001-757-489-8260x41809,Wallis and Futuna
1184,  Charles  ,Murray,charles.murray474@yahoo.com,351.377.7412x74692,Mauritius
1185,Emily,  Davenport  ,EMILY.DAVENPORT200@HOTMAIL.COM,(441)499-6264,Cambodia
1186,Carrie,Woods,carrie.woods497@hotmail.com,001-717-604-5421,Holy See (Vatican City State)
1187,Todd,Conley,TODD.CONLEY286@YAHOO.COM,(882)509-2257x09001,Uzbekistan
1188,Janet,Peterson,JANET.PETERSON401@YAHOO.COM,4727324728,Tuvalu
1189,  Jennifer  ,Cobb,jennifer.cobb732@gmail.com,5173882247,Burkina Faso
1190,Victoria,Jones,VICTORIA.JONES657@HOTMAIL.COM,001-450-971-0580x11950,Turks and Caicos Islands
1191,Lindsay,Zavala,lindsay.zavala50@hotmail.com,252-461-0537,Cook Islands
1192,  Bradley  ,  Ford  ,bradley.ford432@yahoo.com,001-650-707-4189,Qatar
1193,Kelly,Cochran,KELLY.COCHRAN99@GMAIL.COM,001-787-469-8936,Nepal
1194,Jonathan,Frye,jonathan.frye335@gmail.com,(719)282-7348x13104,Cape Verde
1195,Michael,Hoffman,MICHAEL.HOFFMAN238@HOTMAIL.COM,(432)817-4357x4835,Marshall Islands
1196,Bruce,Atkins,bruce.atkins470@hotmail.com,,Ghana
1197,Lauren,Reyes,lauren.reyes421@hotmail.com,762-980-5507x7406,Niger
1198,Matthew,Miller,MATTHEW.MILLER871@YAHOO.COM,(739)320-9085,Armenia
1199,Trevor,Graves,trevor.graves947@hotmail.com,8913311178,Netherlands Antilles
1200,Valerie,Smith,VALERIE.SMITH872@YAHOO.COM,376-402-2069x5354,Afghanistan
1201,Richard,Figueroa,richard.figueroa120@gmail.com,520.596.7904x22711,Sri Lanka
1202,Michael,Gardner,michael.gardner123@hotmail.com,245.470.5458x9714,Isle of Man
1203,Martin,Taylor,martin.taylor217@gmail.com,9673323182,Jamaica
1204,Michelle,Sanchez,MICHELLE.SANCHEZ282@YAHOO.COM,,Montserrat
1205,Sarah,Hayes,sarah.hayes291@yahoo.com,001-819-917-7987x68299,Saint Barthelemy
1206,Ronald,Richards,ronald.richards962@yahoo.com,+1-969-459-4636,Heard Island and McDonald Islands
1207,Teresa,Williams,teresa.williams594@hotmail.com,(773)949-9601x0548,Uzbekistan
1208,Deanna,Miles,,(873)758-5730,Saint Kitts and Nevis
1209,Bethany,Rios,bethany.rios247@yahoo.com,+1-982-763-3373x8987,Somalia
1210,Margaret,Newman,margaret.newman680@hotmail.com,(760)712-5625x313,Cameroon
1211,Ethan,Kelley,ETHAN.KELLEY378@GMAIL.COM,001-375-330-0119x721,United Kingdom
1212,David,  Perry  ,david.perry471@hotmail.com,3872406403,Jamaica
1213,Vincent,Ellis,vincent.ellis855@hotmail.com,2037845762,Poland
1214,William,Brown,WILLIAM.BROWN331@HOTMAIL.COM,(252)241-9138,Togo
1215,Melissa,Hines,melissa.hines284@yahoo.com,356-308-2137,Mexico
1216,Paul,Lee,paul.lee658@hotmail.com,992.888.6195,Turks and Caicos Islands
1217,Cindy,Brown,CINDY.BROWN445@YAHOO.COM,831-393-5923,Djibouti
1218,Joshua,Douglas,joshua.douglas437@hotmail.com,632-883-0965x2074,Iraq
1219,Thomas,Johnson,thomas.johnson624@gmail.com,(677)870-7933,Austria
1220,Jennifer,Richardson,jennifer.richardson889@hotmail.com,763.614.4170x64625,Tonga
1221,Andrew,Zavala,andrew.zavala688@yahoo.com,(312)689-9151,Seychelles
1222,Jordan,Torres,jordan.torres750@gmail.com,525.247.8077x40649,Mexico
1223,Christine,Lewis,christine.lewis412@yahoo.com,681.336.7500x9421,Argentina
1224,Lisa,Lopez,lisa.lopez414@gmail.com,001-323-646-7912x1416,Bahrain
1225,Gerald,Powell,GERALD.POWELL791@HOTMAIL.COM,+1-660-665-3074x505,Fiji
1226,Tyler,Torres,tyler.torres692@hotmail.com,(249)850-0507x026,Serbia
1227,Diamond,Ray,diamond.ray547@yahoo.com,001-874-823-3305x912,Philippines
1228,Laura,Martinez,laura.martinez359@gmail.com,001-932-436-5199x41013,Bermuda
1229,  Robert  ,Potter,robert.potter811@yahoo.com,(680)586-6281x3721,Dominican Republic
1230,Jennifer,  Underwood  ,jennifer.underwood790@gmail.com,+1-990-803-4864x5183,Algeria
1231,Adrian,Johnson,ADRIAN.JOHNSON863@HOTMAIL.COM,+1-694-824-8942x0466,Jersey
1232,Renee,Christian,RENEE.CHRISTIAN836@YAHOO.COM,+1-886-900-8017,Rwanda
1233,Colleen,Wells,colleen.wells248@yahoo.com,6293914068,Congo
1234,Trevor,Shaffer,trevor.shaffer597@hotmail.com,+1-205-316-9918x724,Argentina
1235,John,Campos,JOHN.CAMPOS410@HOTMAIL.COM,+1-421-504-7095x21456,Bulgaria
1236,George,Bennett,,481-859-9706,Cayman Islands
